region,config,seed,eval_source,eval_label,lead_hours,present,target,model,train_loss,head,variable,checkpoint_epoch,best_val_loss,nll,crps,mae,rmse,bias,correlation,mean_pred_std,within_1sigma,within_2sigma,pit_chi2_stat,pit_chi2_pvalue,p50,p90,p95,p99,n_predictions,n_test_stations,seasonal_mae_DJF,seasonal_mae_MAM,seasonal_mae_JJA,seasonal_mae_SON
europe,t2m_snap_bilinear_baseline_wd_crps,123,eval_era5,ERA5,0,True,t2m,baseline,crps,gaussian,t2m,6,0.8290163905244984,1.803275465965271,0.8581345677375793,1.1889350414276123,1.7059072256088257,0.0868111103773117,0.9829007818806856,1.3918788433074951,68.00279151967118,93.09726471237975,7053.092324325048,0.0,0.8285069465637207,2.664679527282715,3.539076805114746,5.712314128875732,1195048,898,1.2144166458502146,1.1783752258462405,1.2286408303041902,1.131357053647674
europe,t2m_snap_bilinear_baseline_wd_crps,123,eval_aurora_lead6h,Aurora +6h,6,True,t2m,baseline,crps,gaussian,t2m,6,0.8290163905244984,1.8562865257263184,0.8895637392997742,1.2338563203811646,1.748866081237793,0.05679846554994583,0.981968950118681,1.3926323652267456,65.8184441127051,92.20742597786867,11682.068080947378,0.0,0.8757838010787964,2.7421889305114746,3.6074650287628174,5.7468671798706055,1195048,898,1.252311393802774,1.223145941251356,1.2797970286980171,1.1782574377220676
europe,t2m_snap_bilinear_baseline_wd_crps,123,eval_aurora_lead24h,Aurora +24h,24,True,t2m,baseline,crps,gaussian,t2m,6,0.8290163905244984,1.939157247543335,0.9321833848953247,1.2883349657058716,1.8124076128005981,0.1886986792087555,0.9808250437674377,1.3771214485168457,63.04692363821369,90.49351992555947,40571.26578681358,0.0,0.9229793548583984,2.8589344024658203,3.74605655670166,5.882904529571533,1195048,898,1.318961000406725,1.2856451546347043,1.3356516284444704,1.2092441532326499
europe,t2m_snap_bilinear_baseline_wd_crps,123,eval_aurora_lead72h,Aurora +72h,72,True,t2m,baseline,crps,gaussian,t2m,6,0.8290163905244984,2.3308751583099365,1.1178910732269287,1.5227346420288086,2.069925546646118,0.03460818901658058,0.9747695322592314,1.3724077939987183,53.90628660940816,83.7731204102262,174729.8810558237,0.0,1.1464858055114746,3.305349111557007,4.223501682281494,6.412300109863281,1195048,898,1.5749157632777169,1.498192923601939,1.5798490016098419,1.4318331691372175
europe,t2m_snap_bilinear_baseline_wd_crps,42,eval_era5,ERA5,0,True,t2m,baseline,crps,gaussian,t2m,7,0.8278419881650846,1.839085340499878,0.8586474061012268,1.1799410581588745,1.7116962671279907,0.1821444034576416,0.9829352614437867,1.2396912574768066,64.13616858904412,90.55401958749773,37028.799810551536,0.0,0.8082437515258789,2.6654534339904785,3.5682930946350098,5.8024516105651855,1195048,898,1.2095007613316022,1.1762231012495787,1.2144527368760625,1.1158281993130783
europe,t2m_snap_bilinear_baseline_wd_crps,42,eval_aurora_lead6h,Aurora +6h,6,True,t2m,baseline,crps,gaussian,t2m,7,0.8278419881650846,1.8986260890960693,0.8892695903778076,1.2218027114868164,1.7514926195144653,0.15169179439544678,0.9820320644949402,1.2395716905593872,61.92403987120183,89.5115510004619,47923.124540604214,0.0,0.8530411720275879,2.7373735904693604,3.6322898864746094,5.845149993896484,1195048,898,1.2489114366381395,1.220422503803814,1.256492091467608,1.1579021618391274
europe,t2m_snap_bilinear_baseline_wd_crps,42,eval_aurora_lead24h,Aurora +24h,24,True,t2m,baseline,crps,gaussian,t2m,7,0.8278419881650846,2.011112928390503,0.9385106563568115,1.2835980653762817,1.8184723854064941,0.2841586172580719,0.9809625142227442,1.2260712385177612,58.724837830781695,87.33783078169245,122653.42424404708,0.0,0.9092488288879395,2.8607282638549805,3.7702341079711914,5.966609954833984,1195048,898,1.3228264527359037,1.281615082648567,1.3106036024209853,1.2141249203680857
europe,t2m_snap_bilinear_baseline_wd_crps,42,eval_aurora_lead72h,Aurora +72h,72,True,t2m,baseline,crps,gaussian,t2m,7,0.8278419881650846,2.4726827144622803,1.123354434967041,1.509968876838684,2.0652406215667725,0.13029296696186066,0.9749838056921356,1.2219398021697998,50.01723780132681,80.1566129561323,285724.87139930774,0.0,1.1260316371917725,3.2929940223693848,4.23244571685791,6.469470500946045,1195048,898,1.5778590820789773,1.4899840225402103,1.5379744682672136,1.4253510601499793
europe,t2m_snap_bilinear_baseline_wd_crps,456,eval_era5,ERA5,0,True,t2m,baseline,crps,gaussian,t2m,8,0.8292650604084747,1.8702316284179688,0.861221969127655,1.1812989711761475,1.712038516998291,-0.014914780855178833,0.982712913108483,1.1631579399108887,60.71320984596434,88.83191302776123,54395.618331648606,0.0,0.8083250522613525,2.667904853820801,3.5594112873077393,5.851705551147461,1195048,898,1.2040853800652331,1.1710161810261481,1.2182628494222394,1.1292284982236287
europe,t2m_snap_bilinear_baseline_wd_crps,456,eval_aurora_lead6h,Aurora +6h,6,True,t2m,baseline,crps,gaussian,t2m,8,0.8292650604084747,1.947360634803772,0.8974077701568604,1.2293846607208252,1.7576590776443481,-0.04402604699134827,0.9817799719248741,1.1632466316223145,58.20828954150795,87.4326386889899,92007.71649004893,0.0,0.8595280647277832,2.7513184547424316,3.643207550048828,5.899214744567871,1195048,898,1.243271765153051,1.2173588720782924,1.2784341018304086,1.1772621571062225
europe,t2m_snap_bilinear_baseline_wd_crps,456,eval_aurora_lead24h,Aurora +24h,24,True,t2m,baseline,crps,gaussian,t2m,8,0.8292650604084747,2.0664610862731934,0.940382719039917,1.280329704284668,1.814422607421875,0.08712056279182434,0.980641107511851,1.1493033170700073,55.51325135057337,85.20025973852097,141262.11107503632,0.0,0.9044256210327148,2.85435152053833,3.758294105529785,6.013768196105957,1195048,898,1.3066584165091728,1.2593534319794608,1.337232090351657,1.2154420379432564
europe,t2m_snap_bilinear_baseline_wd_crps,456,eval_aurora_lead72h,Aurora +72h,72,True,t2m,baseline,crps,gaussian,t2m,8,0.8292650604084747,2.6430697441101074,1.1454002857208252,1.52629554271698,2.0815141201019287,-0.06486204266548157,0.97457221116623,1.1469498872756958,46.34131850770848,76.73767078811898,419159.54438315454,0.0,1.1423463821411133,3.319823980331421,4.255655288696289,6.549797534942627,1195048,898,1.5743661750163915,1.4825225093166172,1.6041622031525962,1.439277669374337
europe,t2m_snap_bilinear_baseline_wd,123,eval_era5,ERA5,0,True,t2m,baseline,nll,gaussian,t2m,8,1.801298309025699,1.7734442949295044,0.8467029929161072,1.1731899976730347,1.682476282119751,0.19769765436649323,0.9835444003139188,1.4321422576904297,69.57369076388564,93.83581245272157,23442.977801728463,0.0,0.8147659301757812,2.6383934020996094,3.496338367462158,5.638266563415527,1195048,898,1.1918141790645689,1.1751833247283097,1.214553749949067,1.1088687498030554
europe,t2m_snap_bilinear_baseline_wd,123,eval_aurora_lead6h,Aurora +6h,6,True,t2m,baseline,nll,gaussian,t2m,8,1.801298309025699,1.82132887840271,0.875970184803009,1.2152506113052368,1.7243279218673706,0.1694333404302597,0.982628168786066,1.4292094707489014,67.41461430837926,92.9833780735167,17730.396717119314,0.0,0.8578557968139648,2.715045690536499,3.5711045265197754,5.690122604370117,1195048,898,1.2331901844027113,1.218090049868307,1.2559215070858933,1.1515262807849473
europe,t2m_snap_bilinear_baseline_wd,123,eval_aurora_lead24h,Aurora +24h,24,True,t2m,baseline,nll,gaussian,t2m,8,1.801298309025699,1.913897156715393,0.9244632720947266,1.279261589050293,1.796005368232727,0.299473375082016,0.9815179643201652,1.4142426252365112,64.00052550190452,91.06052643910537,66628.63156626344,0.0,0.9169197082519531,2.84138560295105,3.715144634246826,5.8317670822143555,1195048,898,1.313928957442373,1.2889796066838684,1.3055586158839108,1.2036518523155817
europe,t2m_snap_bilinear_baseline_wd,123,eval_aurora_lead72h,Aurora +72h,72,True,t2m,baseline,nll,gaussian,t2m,8,1.801298309025699,2.2888259887695312,1.098591923713684,1.501772165298462,2.0447845458984375,0.1447744071483612,0.9755630853245276,1.4084960222244263,55.303720017940705,84.88738527657466,149038.1277706,0.0,1.1252176761627197,3.273808479309082,4.189620018005371,6.361467361450195,1195048,898,1.5635195418123196,1.4979885634710668,1.526973469383765,1.410270604071572
europe,t2m_snap_bilinear_baseline_wd,42,eval_era5,ERA5,0,True,t2m,baseline,nll,gaussian,t2m,7,1.8045233394185158,1.7858517169952393,0.8532490134239197,1.1846898794174194,1.6885359287261963,0.08705723285675049,0.9832473777618637,1.448044776916504,68.86384479953944,93.72460353056948,12224.57788808483,0.0,0.8330717086791992,2.6421914100646973,3.48494815826416,5.632063388824463,1195048,898,1.2091975665086927,1.172965433865271,1.2317724879142877,1.1221012336782765
europe,t2m_snap_bilinear_baseline_wd,42,eval_aurora_lead6h,Aurora +6h,6,True,t2m,baseline,nll,gaussian,t2m,7,1.8045233394185158,1.836125373840332,0.884299635887146,1.2292815446853638,1.733743667602539,0.057330045849084854,0.9823501561432011,1.4460281133651733,66.68133832281214,92.82832154022265,10791.397563947223,0.0,0.8773172497749329,2.727146625518799,3.5719425678253174,5.690435409545898,1195048,898,1.246977428043951,1.2163639585026667,1.2864731621686252,1.16565676587293
europe,t2m_snap_bilinear_baseline_wd,42,eval_aurora_lead24h,Aurora +24h,24,True,t2m,baseline,nll,gaussian,t2m,7,1.8045233394185158,1.9307845830917358,0.9284489154815674,1.286385416984558,1.79665207862854,0.19313490390777588,0.9813246787559026,1.42893385887146,63.50305594419638,90.8585261847223,53937.882341127704,0.0,0.9313919544219971,2.837442398071289,3.6919455528259277,5.816685199737549,1195048,898,1.3215321781969203,1.2715144773508082,1.3325920154477389,1.2157753704717853
europe,t2m_snap_bilinear_baseline_wd,42,eval_aurora_lead72h,Aurora +72h,72,True,t2m,baseline,nll,gaussian,t2m,7,1.8045233394185158,2.336261034011841,1.1087768077850342,1.515546441078186,2.058504581451416,0.03740323707461357,0.9753888226203387,1.4246383905410767,55.022476084642626,84.59835922908536,150901.4245586788,0.0,1.1385397911071777,3.298231840133667,4.208587646484375,6.372859477996826,1195048,898,1.5645772061227232,1.4809805900368347,1.5896546403997696,1.4216897732072047
europe,t2m_snap_bilinear_baseline_wd,456,eval_era5,ERA5,0,True,t2m,baseline,nll,gaussian,t2m,8,1.8091682629226005,1.7730815410614014,0.8390236496925354,1.1640750169754028,1.6682204008102417,0.006909695453941822,0.9836101640514708,1.3444979190826416,67.03387646353954,92.86380128664288,6654.2866194495955,0.0,0.8100409507751465,2.6107327938079834,3.4603395462036133,5.61859130859375,1195048,898,1.1912859110135094,1.1534536918418954,1.2001125660318994,1.108228270179166
europe,t2m_snap_bilinear_baseline_wd,456,eval_aurora_lead6h,Aurora +6h,6,True,t2m,baseline,nll,gaussian,t2m,8,1.8091682629226005,1.831067442893982,0.8724752068519592,1.211498498916626,1.71434485912323,-0.02335936576128006,0.9827346208976676,1.3409409523010254,64.51146732181469,91.79890682215274,17715.290428501616,0.0,0.8604600429534912,2.6977734565734863,3.539480209350586,5.677931785583496,1195048,898,1.228670992010688,1.1993843570647864,1.2600462477906462,1.1562196496950896
europe,t2m_snap_bilinear_baseline_wd,456,eval_aurora_lead24h,Aurora +24h,24,True,t2m,baseline,nll,gaussian,t2m,8,1.8091682629226005,1.9242398738861084,0.915230393409729,1.2656126022338867,1.775497555732727,0.10510171949863434,0.9816226523081941,1.3254863023757935,61.518365789491305,89.82141303110838,48749.28164893795,0.0,0.908266544342041,2.806180715560913,3.6639163494110107,5.786157608032227,1195048,898,1.2967098596175983,1.2468109628562798,1.3164059795995084,1.1991117165255512
europe,t2m_snap_bilinear_baseline_wd,456,eval_aurora_lead72h,Aurora +72h,72,True,t2m,baseline,nll,gaussian,t2m,8,1.8091682629226005,2.3772640228271484,1.1097629070281982,1.508924126625061,2.045919179916382,-0.04820088669657707,0.9756930646366884,1.3188844919204712,52.02351704701401,82.44522395753141,225600.04774368892,0.0,1.137105941772461,3.275238037109375,4.180042266845703,6.336700439453125,1195048,898,1.5585150799150689,1.4655597304528172,1.580066182292113,1.4264244723496973
europe,t2m_snap_vae_lat16_concat_with_elev_no_static_wd_crps,123,eval_era5,ERA5,0,True,t2m,tessera,crps,gaussian,t2m,18,0.754958240606197,1.717315912246704,0.7846003770828247,1.0866316556930542,1.5653821229934692,0.054793890565633774,0.9855920348479967,1.2603002786636353,66.95931878886873,92.6441448376969,6790.664472054679,0.0,0.7536497116088867,2.4371285438537598,3.234989881515503,5.261295795440674,1195048,898,1.0955846391961281,1.07620633098173,1.1374923733209854,1.0366905898284684
europe,t2m_snap_vae_lat16_concat_with_elev_no_static_wd_crps,123,eval_aurora_lead6h,Aurora +6h,6,True,t2m,tessera,crps,gaussian,t2m,18,0.754958240606197,1.7795425653457642,0.8146506547927856,1.1286026239395142,1.6062067747116089,0.02432204782962799,0.9847991525882891,1.2546790838241577,64.44636533427946,91.533561831826,17459.581938131356,0.0,0.7984331846237183,2.5124154090881348,3.3067750930786133,5.306298732757568,1195048,898,1.1345014170411243,1.1163363889555653,1.186910665114924,1.0766487866977337
europe,t2m_snap_vae_lat16_concat_with_elev_no_static_wd_crps,123,eval_aurora_lead24h,Aurora +24h,24,True,t2m,tessera,crps,gaussian,t2m,18,0.754958240606197,1.9032572507858276,0.8653960824012756,1.192840576171875,1.680643916130066,0.1478963941335678,0.9834936002125549,1.2389898300170898,60.850442827401075,89.09391087219927,61027.40594185338,0.0,0.8547449111938477,2.6420745849609375,3.45687198638916,5.475255966186523,1195048,898,1.2171969537732577,1.176760104340951,1.2439777924446724,1.130883541448276
europe,t2m_snap_vae_lat16_concat_with_elev_no_static_wd_crps,123,eval_aurora_lead72h,Aurora +72h,72,True,t2m,tessera,crps,gaussian,t2m,18,0.754958240606197,2.4651272296905518,1.0683987140655518,1.442733645439148,1.968769907951355,0.0072660064324736595,0.9772160229833807,1.2341499328613281,51.15794512019601,80.96210361424812,250843.43890454608,0.0,1.082170009613037,3.1243667602539062,4.008820533752441,6.156917095184326,1195048,898,1.4983885419873582,1.4063557333958703,1.5040783035239156,1.355853508716583
europe,t2m_snap_vae_lat16_concat_with_elev_no_static_wd_crps,42,eval_era5,ERA5,0,True,t2m,tessera,crps,gaussian,t2m,31,0.7570949361544765,1.742821216583252,0.7868797183036804,1.0873807668685913,1.5699529647827148,0.031343139708042145,0.9854860150954886,1.1774011850357056,64.25223087273481,91.30403130250835,17781.810032735084,0.0,0.753298282623291,2.435215473175049,3.235231399536133,5.289952278137207,1195048,898,1.1031062742319675,1.0725979554203213,1.1352167874416208,1.03720305878011
europe,t2m_snap_vae_lat16_concat_with_elev_no_static_wd_crps,42,eval_aurora_lead6h,Aurora +6h,6,True,t2m,tessera,crps,gaussian,t2m,31,0.7570949361544765,1.8182976245880127,0.8205685615539551,1.132716417312622,1.614203929901123,-0.00046414355165325105,0.9846641218380988,1.1678454875946045,61.457113019728084,89.82049256598899,41563.57809560788,0.0,0.7999505996704102,2.5224082469940186,3.312662124633789,5.331798553466797,1195048,898,1.1427497673239189,1.114202638993722,1.1941313918791836,1.0793940724722721
europe,t2m_snap_vae_lat16_concat_with_elev_no_static_wd_crps,42,eval_aurora_lead24h,Aurora +24h,24,True,t2m,tessera,crps,gaussian,t2m,31,0.7570949361544765,1.950471043586731,0.8702936768531799,1.1942074298858643,1.6833701133728027,0.12616457045078278,0.983462116623562,1.153815746307373,57.986206411792665,87.23381822320107,101219.79595463948,0.0,0.8571844100952148,2.637848377227783,3.452409505844116,5.491122245788574,1195048,898,1.2194489154937753,1.1726421187347735,1.2547326484749868,1.1275707542707658
europe,t2m_snap_vae_lat16_concat_with_elev_no_static_wd_crps,42,eval_aurora_lead72h,Aurora +72h,72,True,t2m,tessera,crps,gaussian,t2m,31,0.7570949361544765,2.5652048587799072,1.0834901332855225,1.4517937898635864,1.9817999601364136,-0.019117876887321472,0.9770412053727277,1.1507010459899902,48.286177626338024,78.50739049812225,340890.83942737035,0.0,1.088968276977539,3.149359703063965,4.029780387878418,6.213964939117432,1195048,898,1.4980779615643194,1.4049619204665755,1.5367631666451134,1.3629124467114482
europe,t2m_snap_vae_lat16_concat_with_elev_no_static_wd_crps,456,eval_era5,ERA5,0,True,t2m,tessera,crps,gaussian,t2m,29,0.7586491003428419,1.7529364824295044,0.7879403233528137,1.0866764783859253,1.5724912881851196,0.08476027101278305,0.9854823721062883,1.1656373739242554,64.01793066052576,91.0577650437472,23412.50620560848,0.0,0.7514328956604004,2.4362521171569824,3.2424402236938477,5.307989120483398,1195048,898,1.1031063556777232,1.073523437973824,1.1301194093847955,1.038377201347968
europe,t2m_snap_vae_lat16_concat_with_elev_no_static_wd_crps,456,eval_aurora_lead6h,Aurora +6h,6,True,t2m,tessera,crps,gaussian,t2m,29,0.7586491003428419,1.8246474266052246,0.819471001625061,1.1295288801193237,1.6129869222640991,0.05174684897065163,0.9846827343737837,1.1577563285827637,61.30975492197803,89.71120825272291,44175.485700992765,0.0,0.7967000007629395,2.5132791996002197,3.3093812465667725,5.355302810668945,1195048,898,1.1422205745381049,1.1147122105711855,1.1807085569929994,1.07952727101285
europe,t2m_snap_vae_lat16_concat_with_elev_no_static_wd_crps,456,eval_aurora_lead24h,Aurora +24h,24,True,t2m,tessera,crps,gaussian,t2m,29,0.7586491003428419,1.957211971282959,0.8699952363967896,1.1921238899230957,1.683774709701538,0.17555058002471924,0.9834923493136332,1.1444487571716309,57.87616899070163,87.11800697545203,111471.252833359,0.0,0.8530809879302979,2.6355671882629395,3.4490878582000732,5.517995357513428,1195048,898,1.218949851114044,1.1713157346742027,1.2424071016102682,1.1330634723502049
europe,t2m_snap_vae_lat16_concat_with_elev_no_static_wd_crps,456,eval_aurora_lead72h,Aurora +72h,72,True,t2m,tessera,crps,gaussian,t2m,29,0.7586491003428419,2.558495044708252,1.0768983364105225,1.4416322708129883,1.9713472127914429,0.02896355278789997,0.9771918091526761,1.1420173645019531,48.49512320844016,78.55508732703623,333650.92143244453,0.0,1.080043077468872,3.128053665161133,4.00555944442749,6.183727264404297,1195048,898,1.4908636365500052,1.401114598327224,1.513049824031509,1.3563403349694
europe,t2m_snap_vae_lat16_concat_with_elev_no_static_wd,123,eval_era5,ERA5,0,True,t2m,tessera,nll,gaussian,t2m,16,1.7538526653426967,1.714730978012085,0.805996835231781,1.121583342552185,1.6077029705047607,-0.05773989483714104,0.9848121722509388,1.4201719760894775,70.38462053407059,94.668080277947,12054.734919434197,0.0,0.7815985679626465,2.5133211612701416,3.326512336730957,5.377049446105957,1195048,898,1.131227513546118,1.1199909796608345,1.1721809010099236,1.0620269692360913
europe,t2m_snap_vae_lat16_concat_with_elev_no_static_wd,123,eval_aurora_lead6h,Aurora +6h,6,True,t2m,tessera,nll,gaussian,t2m,16,1.7538526653426967,1.7726572751998901,0.8386583924293518,1.1689951419830322,1.6537450551986694,-0.08782514929771423,0.9839940881753446,1.4072502851486206,67.4765365073202,93.54101257857424,14165.873049450733,0.0,0.8319849967956543,2.5967917442321777,3.403406858444214,5.4418487548828125,1195048,898,1.171703666509785,1.1638766565425638,1.2344972138968389,1.1061857304164449
europe,t2m_snap_vae_lat16_concat_with_elev_no_static_wd,123,eval_aurora_lead24h,Aurora +24h,24,True,t2m,tessera,nll,gaussian,t2m,16,1.7538526653426967,1.8600324392318726,0.8808366656303406,1.2240395545959473,1.7175049781799316,0.035745274275541306,0.9827728756596765,1.3900476694107056,64.3299683359999,91.6242694854098,17644.628212423268,0.0,0.8806463479995728,2.7060000896453857,3.53018856048584,5.603854179382324,1195048,898,1.2414656519619895,1.207686428134693,1.2943249773522143,1.1512655919169843
europe,t2m_snap_vae_lat16_concat_with_elev_no_static_wd,123,eval_aurora_lead72h,Aurora +72h,72,True,t2m,tessera,nll,gaussian,t2m,16,1.7538526653426967,2.333371162414551,1.0807337760925293,1.476787805557251,2.0034737586975098,-0.10530291497707367,0.976730714115159,1.3847347497940063,54.39781498316386,84.07561871991753,174319.81719228014,0.0,1.116011381149292,3.193805456161499,4.07408332824707,6.222776412963867,1195048,898,1.5193938673742562,1.4299704528399515,1.5715030591088557,1.3824153140582465
europe,t2m_snap_vae_lat16_concat_with_elev_no_static_wd,42,eval_era5,ERA5,0,True,t2m,tessera,nll,gaussian,t2m,23,1.7490757656424012,1.7063565254211426,0.7991597652435303,1.110399842262268,1.6001495122909546,0.09760741889476776,0.9849676251976462,1.4132463932037354,71.11998848581814,94.86598027861642,11255.971522482778,0.0,0.7685815095901489,2.497579574584961,3.3144140243530273,5.390120506286621,1195048,898,1.121781672196117,1.1002258614357352,1.1624846775709656,1.0562167025399098
europe,t2m_snap_vae_lat16_concat_with_elev_no_static_wd,42,eval_aurora_lead6h,Aurora +6h,6,True,t2m,tessera,nll,gaussian,t2m,23,1.7490757656424012,1.7572671175003052,0.8283045887947083,1.1534004211425781,1.6417268514633179,0.0679987221956253,0.9841457708175824,1.4007487297058105,68.45373574952637,93.8927976114767,5389.613886638863,0.0,0.814518928527832,2.572368621826172,3.3813297748565674,5.444913864135742,1195048,898,1.160640005535299,1.1420782503162388,1.2146291664234985,1.0960485206185369
europe,t2m_snap_vae_lat16_concat_with_elev_no_static_wd,42,eval_aurora_lead24h,Aurora +24h,24,True,t2m,tessera,nll,gaussian,t2m,23,1.7490757656424012,1.853898286819458,0.877373218536377,1.2183341979980469,1.71720290184021,0.1877390593290329,0.9828634284545892,1.3856747150421143,64.9171414035252,91.85120597666369,28955.218816315326,0.0,0.8715842962265015,2.701448917388916,3.533205509185791,5.62270975112915,1195048,898,1.2443102335988225,1.2014366879887584,1.272754402427861,1.1521145368633559
europe,t2m_snap_vae_lat16_concat_with_elev_no_static_wd,42,eval_aurora_lead72h,Aurora +72h,72,True,t2m,tessera,nll,gaussian,t2m,23,1.7490757656424012,2.309917688369751,1.0734871625900269,1.466835379600525,1.9990955591201782,0.04673680663108826,0.9765565565734753,1.380432367324829,54.983649192333694,84.51342540215958,149755.9093492479,0.0,1.1007153987884521,3.1815319061279297,4.072371482849121,6.256176948547363,1195048,898,1.5227977848899352,1.4348554438388206,1.5302793964373027,1.3729967251928776
europe,t2m_snap_vae_lat16_concat_with_elev_no_static_wd,456,eval_era5,ERA5,0,True,t2m,tessera,nll,gaussian,t2m,23,1.7336096046722098,1.6959348917007446,0.7911739349365234,1.1005252599716187,1.5828181505203247,-0.0037374552339315414,0.9852508227135588,1.379691481590271,70.1391073831344,94.59042649332913,7752.857588983874,0.0,0.7657155990600586,2.4646413326263428,3.265746593475342,5.318113327026367,1195048,898,1.110705031103863,1.0968352033746382,1.1469479640526716,1.0466584752490318
europe,t2m_snap_vae_lat16_concat_with_elev_no_static_wd,456,eval_aurora_lead6h,Aurora +6h,6,True,t2m,tessera,nll,gaussian,t2m,23,1.7336096046722098,1.7510812282562256,0.821334719657898,1.1443582773208618,1.6255825757980347,-0.032771456986665726,0.9844298940150819,1.3661693334579468,67.33445016434486,93.50954940722046,9321.661837850863,0.0,0.8116035461425781,2.544210433959961,3.339221239089966,5.374125003814697,1195048,898,1.1508472364401523,1.1393139155417231,1.1985516398766773,1.08838319518638
europe,t2m_snap_vae_lat16_concat_with_elev_no_static_wd,456,eval_aurora_lead24h,Aurora +24h,24,True,t2m,tessera,nll,gaussian,t2m,23,1.7336096046722098,1.8436402082443237,0.8646266460418701,1.2003791332244873,1.6911671161651611,0.09104430675506592,0.9831990440144184,1.3493931293487549,64.13114787021107,91.50310280423882,21890.085265194368,0.0,0.8603301048278809,2.656097888946533,3.4746735095977783,5.541571617126465,1195048,898,1.2267129325349941,1.1849837909122174,1.2518745262293096,1.1351078395339564
europe,t2m_snap_vae_lat16_concat_with_elev_no_static_wd,456,eval_aurora_lead72h,Aurora +72h,72,True,t2m,tessera,nll,gaussian,t2m,23,1.7336096046722098,2.3284876346588135,1.063833475112915,1.4516258239746094,1.9778639078140259,-0.052964817732572556,0.9770154688839275,1.3456538915634155,54.13564978143137,83.82508485014827,175100.3471458887,0.0,1.0914183855056763,3.142622709274292,4.028736591339111,6.20090389251709,1195048,898,1.5140267584114675,1.4136312808942952,1.5097675057697548,1.361896022781238
europe,wind_truncnormal_snap_bilinear_baseline_wd_crps,123,eval_era5,ERA5,0,True,wind,baseline,crps,truncated_normal,wind,3,0.9220075795911763,1.8436261415481567,0.9281779527664185,1.2795383930206299,1.8707876205444336,-0.2387295514345169,0.7411922521657559,1.5540457963943481,69.57761402354626,92.87935925294693,37176.01958016106,0.0,0.8948290348052979,2.802922487258911,3.7928433418273926,6.686727523803711,687073,550,1.4206484890883992,1.2666979038784871,1.1669617713231812,1.2382484395664146
europe,wind_truncnormal_snap_bilinear_baseline_wd_crps,123,eval_aurora_lead6h,Aurora +6h,6,True,wind,baseline,crps,truncated_normal,wind,3,0.9220075795911763,1.8401036262512207,0.9246377348899841,1.2730731964111328,1.8650141954421997,-0.26723939180374146,0.7442463805429901,1.5473923683166504,69.71675498818902,92.88605432028328,40737.41183396815,0.0,0.887392520904541,2.786705255508423,3.781798839569092,6.674478054046631,687073,550,1.4182152829357701,1.2604254769895942,1.1579648546862042,1.2293237640861692
europe,wind_truncnormal_snap_bilinear_baseline_wd_crps,123,eval_aurora_lead24h,Aurora +24h,24,True,wind,baseline,crps,truncated_normal,wind,3,0.9220075795911763,1.8549855947494507,0.9333577156066895,1.2850170135498047,1.8780492544174194,-0.2554294764995575,0.7395210074277837,1.5473982095718384,69.22932497711307,92.65813094096261,41453.80453168731,0.0,0.8977718353271484,2.815732479095459,3.8115456104278564,6.714631080627441,687073,550,1.4321303061530934,1.2722550348056114,1.1699121900355394,1.2390516610701352
europe,wind_truncnormal_snap_bilinear_baseline_wd_crps,123,eval_aurora_lead72h,Aurora +72h,72,True,wind,baseline,crps,truncated_normal,wind,3,0.9220075795911763,1.972133994102478,0.9983884692192078,1.3659402132034302,1.9943063259124756,-0.2561780512332916,0.700520975977853,1.5458896160125732,66.60252986218349,90.96195018578813,60502.87623149214,0.0,0.9489642381668091,3.0064542293548584,4.065289497375488,7.1067328453063965,687073,550,1.5386385019462123,1.3500675042861483,1.221322999192784,1.3223901631531312
europe,wind_truncnormal_snap_bilinear_baseline_wd_crps,42,eval_era5,ERA5,0,True,wind,baseline,crps,truncated_normal,wind,2,0.9179511114342572,1.7615333795547485,0.9200925230979919,1.285222053527832,1.8746784925460815,-0.15807276964187622,0.7373558984002946,2.084350824356079,79.61570313489251,96.91051751415061,10955.670476062951,0.0,0.9174875617027283,2.7358615398406982,3.6948275566101074,6.7139482498168945,687073,550,1.4331900843685896,1.2710834000082325,1.1654447050862582,1.2443673834265012
europe,wind_truncnormal_snap_bilinear_baseline_wd_crps,42,eval_aurora_lead6h,Aurora +6h,6,True,wind,baseline,crps,truncated_normal,wind,2,0.9179511114342572,1.7585283517837524,0.9171863198280334,1.2784662246704102,1.8704794645309448,-0.18469905853271484,0.7397146329738504,2.07305908203125,79.72733610547932,96.9051323512931,13000.041656417876,0.0,0.9098682403564453,2.728191375732422,3.688939094543457,6.710300445556641,687073,550,1.430707027119821,1.2649362921506464,1.153857411185957,1.2367153055897042
europe,wind_truncnormal_snap_bilinear_baseline_wd_crps,42,eval_aurora_lead24h,Aurora +24h,24,True,wind,baseline,crps,truncated_normal,wind,2,0.9179511114342572,1.7696871757507324,0.9253296256065369,1.2907873392105103,1.8830342292785645,-0.1716286689043045,0.7348152660755911,2.074227809906006,79.29463099263106,96.75449333622483,11850.843856475221,0.0,0.9205334186553955,2.7573108673095703,3.7216644287109375,6.72445821762085,687073,550,1.4454639553096755,1.2770186826867245,1.1651759817289302,1.2474046804800378
europe,wind_truncnormal_snap_bilinear_baseline_wd_crps,42,eval_aurora_lead72h,Aurora +72h,72,True,wind,baseline,crps,truncated_normal,wind,2,0.9179511114342572,1.8514220714569092,0.9854534268379211,1.3703627586364746,1.9954698085784912,-0.1716150939464569,0.6947808258577403,2.0724732875823975,76.77859557863574,95.57557930525577,14045.524043296708,0.0,0.972148060798645,2.946760416030884,3.9823215007781982,7.1147918701171875,687073,550,1.5502121587791984,1.3545502418431032,1.2159900375950858,1.3279975843127856
europe,wind_truncnormal_snap_bilinear_baseline_wd_crps,456,eval_era5,ERA5,0,True,wind,baseline,crps,truncated_normal,wind,2,0.9119959143743123,1.7562028169631958,0.9126675724983215,1.280372142791748,1.8571480512619019,-0.10272429883480072,0.741793521500526,2.044522285461426,79.4374105808262,96.88330060997885,8394.834844332407,0.0,0.9191288948059082,2.7307257652282715,3.6700263023376465,6.600960731506348,687073,550,1.4185302424239974,1.2636466403583668,1.1734516650876552,1.2410872325894697
europe,wind_truncnormal_snap_bilinear_baseline_wd_crps,456,eval_aurora_lead6h,Aurora +6h,6,True,wind,baseline,crps,truncated_normal,wind,2,0.9119959143743123,1.7517800331115723,0.9086904525756836,1.2719591856002808,1.8510324954986572,-0.13101211190223694,0.7445378299094491,2.0329031944274902,79.52793953480925,96.89203330650454,9878.661686603897,0.0,0.9097094535827637,2.7191500663757324,3.6604270935058594,6.58876895904541,687073,550,1.4155967370832192,1.2571375487511374,1.1572333180526058,1.231929976455098
europe,wind_truncnormal_snap_bilinear_baseline_wd_crps,456,eval_aurora_lead24h,Aurora +24h,24,True,wind,baseline,crps,truncated_normal,wind,2,0.9119959143743123,1.7628778219223022,0.9172982573509216,1.2852568626403809,1.864774227142334,-0.11760140210390091,0.7394648867663913,2.0362768173217773,79.1470484213468,96.76264385298214,8844.683841454984,0.0,0.9215371012687683,2.7492079734802246,3.689958333969116,6.615327835083008,687073,550,1.4309830402695787,1.2696312429722434,1.1700006471560715,1.2441394497209433
europe,wind_truncnormal_snap_bilinear_baseline_wd_crps,456,eval_aurora_lead72h,Aurora +72h,72,True,wind,baseline,crps,truncated_normal,wind,2,0.9119959143743123,1.8436754941940308,0.9774348735809326,1.3658074140548706,1.9781882762908936,-0.11913399398326874,0.6997963060548346,2.0346741676330566,76.5902604235649,95.58867835004432,10372.357931398847,0.0,0.9753551483154297,2.9342164993286133,3.944878101348877,7.015458583831787,687073,550,1.5372277318381757,1.347529466206278,1.2204679259317437,1.3270564581177597
europe,wind_truncnormal_snap_bilinear_baseline_wd,123,eval_era5,ERA5,0,True,wind,baseline,nll,truncated_normal,wind,3,1.7613458258648442,1.7481659650802612,0.90804523229599,1.271837592124939,1.8505222797393799,-0.08709805458784103,0.7433213337923996,2.0034852027893066,78.29531942020716,96.5393779118085,5760.913499730013,0.0,0.9053269028663635,2.7346699237823486,3.6929500102996826,6.555583953857422,687073,550,1.4140525320241741,1.261175519930944,1.1574567668965106,1.2287127197898644
europe,wind_truncnormal_snap_bilinear_baseline_wd,123,eval_aurora_lead6h,Aurora +6h,6,True,wind,baseline,nll,truncated_normal,wind,3,1.7613458258648442,1.7431890964508057,0.9035756587982178,1.262929081916809,1.8437083959579468,-0.11771389842033386,0.7460799368748765,1.9938652515411377,78.45323568238018,96.55320468130752,7060.917167462554,0.0,0.8943952918052673,2.723841667175293,3.68630313873291,6.5552659034729,687073,550,1.4099875335761185,1.2520146688678602,1.1435851659181286,1.219280955299872
europe,wind_truncnormal_snap_bilinear_baseline_wd,123,eval_aurora_lead24h,Aurora +24h,24,True,wind,baseline,nll,truncated_normal,wind,3,1.7613458258648442,1.7556713819503784,0.912801206111908,1.2766501903533936,1.8581913709640503,-0.10616020858287811,0.7411546082305746,1.9876439571380615,77.81618547083062,96.34958730731668,6412.539513268604,0.0,0.9069232940673828,2.7542097568511963,3.7150380611419678,6.576364517211914,687073,550,1.4264226252716625,1.265576214885991,1.155379665194518,1.2318773519028225
europe,wind_truncnormal_snap_bilinear_baseline_wd,123,eval_aurora_lead72h,Aurora +72h,72,True,wind,baseline,nll,truncated_normal,wind,3,1.7613458258648442,1.8450976610183716,0.9774883985519409,1.3617459535598755,1.9766756296157837,-0.10527477413415909,0.7013334325291353,1.985816240310669,74.97573038090567,95.0162500927849,11843.99826655974,0.0,0.9646918773651123,2.9541304111480713,3.9753494262695312,6.968206882476807,687073,550,1.540023752278399,1.3475332615212898,1.209376861753502,1.3175401414972248
europe,wind_truncnormal_snap_bilinear_baseline_wd,42,eval_era5,ERA5,0,True,wind,baseline,nll,truncated_normal,wind,2,1.7705134859640304,1.7588900327682495,0.9331330060958862,1.3172470331192017,1.9064439535140991,-0.056400101631879807,0.725270520922983,2.528759241104126,84.54036179561706,98.25418841957114,15731.367672721823,0.0,0.9580550193786621,2.763307571411133,3.716543436050415,6.782855987548828,687073,550,1.4801694075188028,1.299089201699483,1.1830902634427647,1.277292534530357
europe,wind_truncnormal_snap_bilinear_baseline_wd,42,eval_aurora_lead6h,Aurora +6h,6,True,wind,baseline,nll,truncated_normal,wind,2,1.7705134859640304,1.75542414188385,0.9297694563865662,1.3091564178466797,1.9014723300933838,-0.08456043899059296,0.7275181728819016,2.51548171043396,84.57150841322539,98.24225373431935,16663.50801297679,0.0,0.9476343393325806,2.754112720489502,3.7098076343536377,6.794309616088867,687073,550,1.476822638318857,1.2921430041423507,1.168611472746704,1.2687267874113684
europe,wind_truncnormal_snap_bilinear_baseline_wd,42,eval_aurora_lead24h,Aurora +24h,24,True,wind,baseline,nll,truncated_normal,wind,2,1.7705134859640304,1.7637096643447876,0.9370354413986206,1.3212968111038208,1.9133096933364868,-0.07140953093767166,0.7228221600607531,2.509199619293213,84.1418597441611,98.13353166257443,14462.497960187637,0.0,0.9594631195068359,2.7813169956207275,3.743009328842163,6.801206111907959,687073,550,1.4916541099063383,1.303368175537492,1.178654292149099,1.2807454796489726
europe,wind_truncnormal_snap_bilinear_baseline_wd,42,eval_aurora_lead72h,Aurora +72h,72,True,wind,baseline,nll,truncated_normal,wind,2,1.7705134859640304,1.82798171043396,0.9926366806030273,1.3978159427642822,2.018817186355591,-0.07049253582954407,0.6833148051062929,2.5065174102783203,81.78854357542794,97.26521053803599,8475.097785824795,0.0,1.0125460624694824,2.9642536640167236,3.985137701034546,7.164738178253174,687073,550,1.5934325305962094,1.3766556812726536,1.2280203513235728,1.3578448421706726
europe,wind_truncnormal_snap_bilinear_baseline_wd,456,eval_era5,ERA5,0,True,wind,baseline,nll,truncated_normal,wind,2,1.7610181037693808,1.749220609664917,0.9238996505737305,1.2993162870407104,1.8891024589538574,-0.061721641570329666,0.7309111176575418,2.3518075942993164,82.99671213975807,97.91637860896877,11664.624080701758,0.0,0.9368510246276855,2.742344379425049,3.6832034587860107,6.740656852722168,687073,550,1.4537430292633216,1.285824758307255,1.1703414557515195,1.259284870371759
europe,wind_truncnormal_snap_bilinear_baseline_wd,456,eval_aurora_lead6h,Aurora +6h,6,True,wind,baseline,nll,truncated_normal,wind,2,1.7610181037693808,1.746304988861084,0.9211553931236267,1.2918381690979004,1.8851052522659302,-0.09162209928035736,0.7327668854297347,2.339827060699463,83.03833799319723,97.89163596881264,12639.614161813957,0.0,0.9275188446044922,2.737506151199341,3.682497978210449,6.745029449462891,687073,550,1.4509716941311215,1.27876959182715,1.1569946617392857,1.2516274551774091
europe,wind_truncnormal_snap_bilinear_baseline_wd,456,eval_aurora_lead24h,Aurora +24h,24,True,wind,baseline,nll,truncated_normal,wind,2,1.7610181037693808,1.7557669878005981,0.9292835593223572,1.3048412799835205,1.898038625717163,-0.0783153548836708,0.72782932891217,2.3366527557373047,82.54261192042185,97.77359902077363,10732.79753534195,0.0,0.9397337436676025,2.7608907222747803,3.71907114982605,6.755403518676758,687073,550,1.4655140900959405,1.291710104192624,1.169865144319819,1.2630066179012989
europe,wind_truncnormal_snap_bilinear_baseline_wd,456,eval_aurora_lead72h,Aurora +72h,72,True,wind,baseline,nll,truncated_normal,wind,2,1.7610181037693808,1.8245317935943604,0.9868183732032776,1.3833850622177124,2.0064828395843506,-0.07941596210002899,0.6882821075480368,2.3346567153930664,80.09629253369002,96.78462113923848,6923.329429332836,0.0,0.9936206340789795,2.9464242458343506,3.9642622470855713,7.118577003479004,687073,550,1.5697289930406801,1.367621147530236,1.219541017095497,1.3427115918106372
europe,wind_truncnormal_snap_vae_lat16_concat_with_elev_no_static_wd_crps,123,eval_era5,ERA5,0,True,wind,tessera,crps,truncated_normal,wind,6,0.8422109545501945,1.7248858213424683,0.8501926064491272,1.1798837184906006,1.7238984107971191,-0.13161878287792206,0.7848443582016227,1.5410083532333374,73.24301784526534,94.87361604953185,14627.702065137182,0.0,0.837371826171875,2.559779167175293,3.439234495162964,6.012392044067383,687073,550,1.320479996030196,1.1679972136201064,1.067132247931247,1.1383592448971793
europe,wind_truncnormal_snap_vae_lat16_concat_with_elev_no_static_wd_crps,123,eval_aurora_lead6h,Aurora +6h,6,True,wind,tessera,crps,truncated_normal,wind,6,0.8422109545501945,1.7247833013534546,0.8471786975860596,1.172318696975708,1.7186182737350464,-0.17369110882282257,0.7870797945151935,1.5300761461257935,73.25247826650153,94.76649497214997,19922.122337801076,0.0,0.82950758934021,2.5482571125030518,3.4328415393829346,5.9923200607299805,687073,550,1.313908778175491,1.1613330893698548,1.0596230285795434,1.1286001418118825
europe,wind_truncnormal_snap_vae_lat16_concat_with_elev_no_static_wd_crps,123,eval_aurora_lead24h,Aurora +24h,24,True,wind,tessera,crps,truncated_normal,wind,6,0.8422109545501945,1.7423282861709595,0.8587366342544556,1.1882696151733398,1.738386869430542,-0.16604630649089813,0.7817606806946155,1.5252891778945923,72.5337773424367,94.42752080201085,21183.070708643765,0.0,0.8419415950775146,2.5885519981384277,3.47436785697937,6.038455009460449,687073,550,1.3325504831291761,1.1772085773293437,1.0748177218157606,1.1421977751479468
europe,wind_truncnormal_snap_vae_lat16_concat_with_elev_no_static_wd_crps,123,eval_aurora_lead72h,Aurora +72h,72,True,wind,tessera,crps,truncated_normal,wind,6,0.8422109545501945,1.8609963655471802,0.9334337711334229,1.2839685678482056,1.8787027597427368,-0.16552236676216125,0.7420042353289763,1.5245420932769775,69.24766363981702,92.59350898667245,37133.25265437588,0.0,0.9002711772918701,2.811984062194824,3.780087471008301,6.6112871170043945,687073,550,1.458172691094712,1.2699473167532986,1.135392468841524,1.2406045639785166
europe,wind_truncnormal_snap_vae_lat16_concat_with_elev_no_static_wd_crps,42,eval_era5,ERA5,0,True,wind,tessera,crps,truncated_normal,wind,5,0.8486931756342927,1.7125643491744995,0.855493426322937,1.2047749757766724,1.7386462688446045,0.07587488740682602,0.7796354842906903,1.5936347246170044,73.8294184169659,95.69186971398963,7816.222702682247,0.0,0.8716192245483398,2.5658702850341797,3.4464900493621826,6.079942226409912,687073,550,1.34264915786475,1.192316573564819,1.094478760415518,1.164639000153391
europe,wind_truncnormal_snap_vae_lat16_concat_with_elev_no_static_wd_crps,42,eval_aurora_lead6h,Aurora +6h,6,True,wind,tessera,crps,truncated_normal,wind,5,0.8486931756342927,1.7059260606765747,0.8479409217834473,1.1911871433258057,1.7261760234832764,0.0329410620033741,0.7824399573100023,1.583573579788208,74.191388687956,95.67149342209635,5839.6285998722105,0.0,0.8578660488128662,2.54093074798584,3.411454200744629,6.064526081085205,687073,550,1.3341195274706592,1.1800353457329045,1.0742050462941597,1.1503269828591653
europe,wind_truncnormal_snap_vae_lat16_concat_with_elev_no_static_wd_crps,42,eval_aurora_lead24h,Aurora +24h,24,True,wind,tessera,crps,truncated_normal,wind,5,0.8486931756342927,1.721938967704773,0.8595936894416809,1.207231879234314,1.7457736730575562,0.0386570543050766,0.7773385186937046,1.5791600942611694,73.37910236612413,95.37065202678609,6717.465365397855,0.0,0.8709135055541992,2.581650733947754,3.45808482170105,6.116171360015869,687073,550,1.3520420144927594,1.1959221272276361,1.089056278782491,1.1655050361852297
europe,wind_truncnormal_snap_vae_lat16_concat_with_elev_no_static_wd_crps,42,eval_aurora_lead72h,Aurora +72h,72,True,wind,tessera,crps,truncated_normal,wind,5,0.8486931756342927,1.8299295902252197,0.9343015551567078,1.3049410581588745,1.884950041770935,0.0417366549372673,0.7375371992634128,1.5793648958206177,69.98484877152792,93.61843646890506,17481.583879733305,0.0,0.9330544471740723,2.8070709705352783,3.774906635284424,6.6255316734313965,687073,550,1.4822346651662421,1.2914639278690814,1.1513476992811733,1.2623361036741445
europe,wind_truncnormal_snap_vae_lat16_concat_with_elev_no_static_wd_crps,456,eval_era5,ERA5,0,True,wind,tessera,crps,truncated_normal,wind,5,0.8475530937518159,1.7088775634765625,0.8541552424430847,1.202599048614502,1.7348400354385376,0.013588044792413712,0.7806527763722423,1.6388293504714966,74.62773242435665,95.81849381361224,5016.004385269105,0.0,0.8676637411117554,2.5790178775787354,3.4644408226013184,6.021241664886475,687073,550,1.3448562316964037,1.1922124325551975,1.0881380522751132,1.1592105032323428
europe,wind_truncnormal_snap_vae_lat16_concat_with_elev_no_static_wd_crps,456,eval_aurora_lead6h,Aurora +6h,6,True,wind,tessera,crps,truncated_normal,wind,5,0.8475530937518159,1.7037988901138306,0.8476817607879639,1.1902321577072144,1.7237979173660278,-0.030480658635497093,0.7834601024954063,1.6269679069519043,74.76672784405733,95.75081541553809,5608.2471309453285,0.0,0.8557112216949463,2.560204029083252,3.437741279602051,5.992029190063477,687073,550,1.3363001428908006,1.1810355962505674,1.0709595356971209,1.1458540682181462
europe,wind_truncnormal_snap_vae_lat16_concat_with_elev_no_static_wd_crps,456,eval_aurora_lead24h,Aurora +24h,24,True,wind,tessera,crps,truncated_normal,wind,5,0.8475530937518159,1.7190673351287842,0.8585284948348999,1.2054284811019897,1.7427512407302856,-0.024784160777926445,0.7785457906456863,1.6233073472976685,74.14364994694887,95.48141172772034,6067.917646305414,0.0,0.86614990234375,2.596897840499878,3.484499216079712,6.052791118621826,687073,550,1.3538930289326145,1.1964144943378265,1.08543457744039,1.1587360808600082
europe,wind_truncnormal_snap_vae_lat16_concat_with_elev_no_static_wd_crps,456,eval_aurora_lead72h,Aurora +72h,72,True,wind,tessera,crps,truncated_normal,wind,5,0.8475530937518159,1.822327971458435,0.9297110438346863,1.2988678216934204,1.878737211227417,-0.023033129051327705,0.7399557698544521,1.6238669157028198,70.9613097880429,93.84504994374689,15253.380006200216,0.0,0.9258737564086914,2.8175203800201416,3.782362937927246,6.5671610832214355,687073,550,1.4789931141425643,1.286473278013509,1.1441757597248792,1.2528489086798182
europe,wind_truncnormal_snap_vae_lat16_concat_with_elev_no_static_wd,123,eval_era5,ERA5,0,True,wind,tessera,nll,truncated_normal,wind,4,1.7076848773107136,1.6964513063430786,0.861761748790741,1.2153825759887695,1.756542682647705,0.013672261498868465,0.7719818530160166,2.109243154525757,82.16244853166985,97.79950602046654,11899.216969666977,0.0,0.8813469409942627,2.5802130699157715,3.465956926345825,6.186704635620117,687073,550,1.3552990390969524,1.2041058787097974,1.1008504807934274,1.1757870465223184
europe,wind_truncnormal_snap_vae_lat16_concat_with_elev_no_static_wd,123,eval_aurora_lead6h,Aurora +6h,6,True,wind,tessera,nll,truncated_normal,wind,4,1.7076848773107136,1.690220832824707,0.8555606603622437,1.2018595933914185,1.7462376356124878,-0.03104107454419136,0.7751478384278252,2.0919649600982666,82.25457848001595,97.76777722308984,12159.079313260745,0.0,0.8660180568695068,2.5543065071105957,3.4461357593536377,6.192192077636719,687073,550,1.34763973723388,1.1917916266893875,1.079878339265715,1.1614509427608033
europe,wind_truncnormal_snap_vae_lat16_concat_with_elev_no_static_wd,123,eval_aurora_lead24h,Aurora +24h,24,True,wind,tessera,nll,truncated_normal,wind,4,1.7076848773107136,1.7020684480667114,0.865319550037384,1.2160650491714478,1.7625551223754883,-0.025897935032844543,0.7702176679677296,2.080374240875244,81.50138340467461,97.55062416948418,9939.865517928953,0.0,0.8764951229095459,2.590129852294922,3.482825756072998,6.2242913246154785,687073,550,1.3639128719697047,1.2056009480858172,1.0929893904261296,1.1747201602898136
europe,wind_truncnormal_snap_vae_lat16_concat_with_elev_no_static_wd,123,eval_aurora_lead72h,Aurora +72h,72,True,wind,tessera,nll,truncated_normal,wind,4,1.7076848773107136,1.7846156358718872,0.9325458407402039,1.307804822921753,1.890516996383667,-0.023258039727807045,0.730364983095408,2.0785484313964844,78.5049041368239,96.32979319519178,5122.707486686277,0.0,0.9391213655471802,2.808408737182617,3.777642250061035,6.655407428741455,687073,550,1.484941222412561,1.2950870421853766,1.1504786794763082,1.268295583466068
europe,wind_truncnormal_snap_vae_lat16_concat_with_elev_no_static_wd,42,eval_era5,ERA5,0,True,wind,tessera,nll,truncated_normal,wind,5,1.7117830794151516,1.6973189115524292,0.8611069321632385,1.2284611463546753,1.7466683387756348,0.18229608237743378,0.7781017955425478,2.0306761264801025,80.67119505496505,97.77854754880487,17986.0131907381,0.0,0.9073159694671631,2.594407081604004,3.4388532638549805,5.980883598327637,687073,550,1.368188975151907,1.21182846287539,1.1228296964049613,1.1859333866776385
europe,wind_truncnormal_snap_vae_lat16_concat_with_elev_no_static_wd,42,eval_aurora_lead6h,Aurora +6h,6,True,wind,tessera,nll,truncated_normal,wind,5,1.7117830794151516,1.6876572370529175,0.8515527248382568,1.210312008857727,1.7305619716644287,0.1347707211971283,0.7813711584798168,2.012012243270874,80.82678259806454,97.75002074015426,14649.812321252617,0.0,0.8883087635040283,2.5642893314361572,3.4008255004882812,5.968508243560791,687073,550,1.3588173333898026,1.1954982213072611,1.0924927171589003,1.1675902855655016
europe,wind_truncnormal_snap_vae_lat16_concat_with_elev_no_static_wd,42,eval_aurora_lead24h,Aurora +24h,24,True,wind,tessera,nll,truncated_normal,wind,5,1.7117830794151516,1.6999350786209106,0.8622722029685974,1.2257542610168457,1.7492016553878784,0.13897649943828583,0.7762618551708617,2.0017776489257812,80.00066950673363,97.53024787759088,12640.502189723655,0.0,0.8990556001663208,2.5990798473358154,3.4479994773864746,6.016743183135986,687073,550,1.3759991557463347,1.2107844827266787,1.1061169226190148,1.1829495782032944
europe,wind_truncnormal_snap_vae_lat16_concat_with_elev_no_static_wd,42,eval_aurora_lead72h,Aurora +72h,72,True,wind,tessera,nll,truncated_normal,wind,5,1.7117830794151516,1.7839292287826538,0.9312267303466797,1.3200488090515137,1.8806809186935425,0.13993015885353088,0.737263347376504,2.0005710124969482,76.84671061153618,96.20040374166938,8879.895616622978,0.0,0.9640027284622192,2.818281650543213,3.7429542541503906,6.484948635101318,687073,550,1.500312114207571,1.3033512216094605,1.1674692450483835,1.2763510652245775
europe,wind_truncnormal_snap_vae_lat16_concat_with_elev_no_static_wd,456,eval_era5,ERA5,0,True,wind,tessera,nll,truncated_normal,wind,4,1.711187928996674,1.7000058889389038,0.8633760809898376,1.2233645915985107,1.765364646911621,0.038785502314567566,0.7695051628281194,2.0301809310913086,79.86181963197507,97.05868226520326,7164.5923227953945,0.0,0.8899538516998291,2.590585947036743,3.4822890758514404,6.2220988273620605,687073,550,1.3666816265586386,1.2083068906167826,1.1100399731986907,1.1825701418249681
europe,wind_truncnormal_snap_vae_lat16_concat_with_elev_no_static_wd,456,eval_aurora_lead6h,Aurora +6h,6,True,wind,tessera,nll,truncated_normal,wind,4,1.711187928996674,1.693399429321289,0.8565036058425903,1.208801507949829,1.7528828382492065,-0.009679476730525494,0.7732172522165032,2.0135996341705322,79.94550797367965,97.02273266450581,6681.6208481485955,0.0,0.8746472001075745,2.5649020671844482,3.4545071125030518,6.202362537384033,687073,550,1.3582550221895673,1.1955862082187745,1.0868647518771202,1.167354551157929
europe,wind_truncnormal_snap_vae_lat16_concat_with_elev_no_static_wd,456,eval_aurora_lead24h,Aurora +24h,24,True,wind,tessera,nll,truncated_normal,wind,4,1.711187928996674,1.7068899869918823,0.8667376637458801,1.2229175567626953,1.768942952156067,-0.005848350003361702,0.7682855322203651,2.003323793411255,79.1809603928549,96.7579864148351,5390.335700864392,0.0,0.8858010768890381,2.60107684135437,3.4901535511016846,6.229384899139404,687073,550,1.3735376165081428,1.2093398297125721,1.10091611599167,1.1805391268725183
europe,wind_truncnormal_snap_vae_lat16_concat_with_elev_no_static_wd,456,eval_aurora_lead72h,Aurora +72h,72,True,wind,tessera,nll,truncated_normal,wind,4,1.711187928996674,1.795298457145691,0.9332417249679565,1.311758279800415,1.8915159702301025,-0.004454103298485279,0.7295861990853887,2.00046706199646,76.18331676546742,95.36526686392858,5542.815219052414,0.0,0.945966362953186,2.810178756713867,3.7673609256744385,6.6473774909973145,687073,550,1.491485043060668,1.2958568815694929,1.1562046714111809,1.2708100958105395
east_asia,t2m_snap_bilinear_baseline_wd_crps,123,eval_era5,ERA5,0,True,t2m,baseline,crps,gaussian,t2m,2,0.9603399342678963,2.199655294418335,0.975818395614624,1.3349370956420898,1.8600140810012817,-0.017946885898709297,0.9840373433722844,1.4092909097671509,63.04237880016377,90.44771087045525,3326.211926112052,0.0,1.0220489501953125,2.7543022632598877,3.4840855598449707,6.119361400604248,124567,88,1.3563011381840813,1.364889491282903,1.2693110297873746,1.3461507872376202
east_asia,t2m_snap_bilinear_baseline_wd_crps,123,eval_aurora_lead6h,Aurora +6h,6,True,t2m,baseline,crps,gaussian,t2m,2,0.9603399342678963,2.2254462242126465,1.0007318258285522,1.3694558143615723,1.8932583332061768,-0.09514269977807999,0.983492512536764,1.4089343547821045,61.57489543779653,89.68266073679226,5527.762095900198,0.0,1.0558128356933594,2.832911968231201,3.578442335128784,6.165313243865967,124567,88,1.3844589140322656,1.397250799960024,1.3069114200209229,1.387005004081073
east_asia,t2m_snap_bilinear_baseline_wd_crps,123,eval_aurora_lead24h,Aurora +24h,24,True,t2m,baseline,crps,gaussian,t2m,2,0.9603399342678963,2.3021609783172607,1.0502012968063354,1.4327583312988281,1.967761516571045,-0.12589679658412933,0.9822216368277771,1.4087975025177002,59.562323889954804,88.12125201698684,8881.372602695737,0.0,1.1038932800292969,2.97622013092041,3.771089553833008,6.272710800170898,124567,88,1.435586358245538,1.4520509780374067,1.3806485895411604,1.4623270598791915
east_asia,t2m_snap_bilinear_baseline_wd_crps,123,eval_aurora_lead72h,Aurora +72h,72,True,t2m,baseline,crps,gaussian,t2m,2,0.9603399342678963,2.535146713256836,1.1976295709609985,1.619376301765442,2.1851723194122314,-0.2618390619754791,0.9784202369199658,1.4131624698638916,53.67553204299694,83.86089413729158,24269.380823171465,0.0,1.2672748565673828,3.3786044120788574,4.249009132385254,6.784377574920654,124567,88,1.5752712701639833,1.64969930540385,1.6050504574209141,1.6530607154993398
east_asia,t2m_snap_bilinear_baseline_wd_crps,42,eval_era5,ERA5,0,True,t2m,baseline,crps,gaussian,t2m,2,0.9740863228056966,2.244277238845825,0.9916725158691406,1.3513011932373047,1.8910938501358032,0.10469014197587967,0.9835903246408009,1.383524775505066,61.88396605842639,89.45145985694445,4554.993063973604,0.0,1.035055160522461,2.7732207775115967,3.5250730514526367,6.416033744812012,124567,88,1.374153607581682,1.380224096472562,1.3018467837519447,1.3455901683963771
east_asia,t2m_snap_bilinear_baseline_wd_crps,42,eval_aurora_lead6h,Aurora +6h,6,True,t2m,baseline,crps,gaussian,t2m,2,0.9740863228056966,2.264369487762451,1.012845754623413,1.3815670013427734,1.9182989597320557,0.029983457177877426,0.9830215342325849,1.3828794956207275,60.637247425080474,88.91520226063082,5602.068613677779,0.0,1.0649099349975586,2.84035062789917,3.613294839859009,6.450243949890137,124567,88,1.4073639816916164,1.4121326516953463,1.3212528461683808,1.381762733604778
east_asia,t2m_snap_bilinear_baseline_wd_crps,42,eval_aurora_lead24h,Aurora +24h,24,True,t2m,baseline,crps,gaussian,t2m,2,0.9740863228056966,2.336885452270508,1.0593063831329346,1.4401246309280396,1.9890209436416626,0.0007871132693253458,0.9817186707778468,1.3827553987503052,58.86149622291617,87.47742178907735,8418.997334767635,0.0,1.1077375411987305,2.991276741027832,3.7979860305786133,6.599402904510498,124567,88,1.4668536282665257,1.4642694583195333,1.3729094581600203,1.452755935148638
east_asia,t2m_snap_bilinear_baseline_wd_crps,42,eval_aurora_lead72h,Aurora +72h,72,True,t2m,baseline,crps,gaussian,t2m,2,0.9740863228056966,2.570840358734131,1.2046310901641846,1.6230376958847046,2.2018818855285645,-0.14214137196540833,0.9777335187231987,1.3853927850723267,53.03491293841868,83.2491751426943,22409.51729591304,0.0,1.2654304504394531,3.385329008102417,4.279486179351807,7.017587661743164,124567,88,1.6138688067073008,1.6723053250731093,1.5633533012030125,1.6433135903153722
east_asia,t2m_snap_bilinear_baseline_wd_crps,456,eval_era5,ERA5,0,True,t2m,baseline,crps,gaussian,t2m,1,1.0365273340483112,2.205267906188965,1.0500009059906006,1.4371557235717773,1.994726538658142,0.5186918377876282,0.983075597594834,1.6198492050170898,65.94603707241886,91.89673027366798,10566.12233577111,0.0,1.1105175018310547,2.949031352996826,3.7418158054351807,6.5539984703063965,124567,88,1.4451183131639296,1.4616756756187774,1.4432880802918393,1.3969152075243259
east_asia,t2m_snap_bilinear_baseline_wd_crps,456,eval_aurora_lead6h,Aurora +6h,6,True,t2m,baseline,crps,gaussian,t2m,1,1.0365273340483112,2.202355146408081,1.0527712106704712,1.441907286643982,1.9973100423812866,0.43608465790748596,0.9825629029439797,1.6179174184799194,65.88422294829289,91.89592749283518,7418.128565350373,0.0,1.1163997650146484,2.9596476554870605,3.7704248428344727,6.582801342010498,124567,88,1.4679113559319585,1.4791842886064017,1.4185371931911726,1.3978298720629703
east_asia,t2m_snap_bilinear_baseline_wd_crps,456,eval_aurora_lead24h,Aurora +24h,24,True,t2m,baseline,crps,gaussian,t2m,1,1.0365273340483112,2.2358696460723877,1.0811870098114014,1.4796241521835327,2.0446770191192627,0.3910943865776062,0.9814144138927351,1.6175193786621094,64.7587242207005,91.2191832507807,6304.273692069329,0.0,1.1380109786987305,3.063206672668457,3.8980326652526855,6.7053728103637695,124567,88,1.5211382800747548,1.5167586043082608,1.423801149704102,1.4507158299485596
east_asia,t2m_snap_bilinear_baseline_wd_crps,456,eval_aurora_lead72h,Aurora +72h,72,True,t2m,baseline,crps,gaussian,t2m,1,1.0365273340483112,2.3597850799560547,1.178364634513855,1.6102253198623657,2.1989381313323975,0.25429826974868774,0.9779189978177586,1.6175909042358398,60.825098139956815,88.95213017893985,6628.933834803761,0.0,1.2456378936767578,3.3376193046569824,4.2386860847473145,7.086663246154785,124567,88,1.6453481822816738,1.6851434935954697,1.5206999891963526,1.583986597778298
east_asia,t2m_snap_bilinear_baseline_wd,123,eval_era5,ERA5,0,True,t2m,baseline,nll,gaussian,t2m,4,1.9945472640866848,2.08245587348938,0.985503077507019,1.3666578531265259,1.865991234779358,-0.10714974254369736,0.9851537039617861,1.4724292755126953,61.76595727600408,91.1011744683584,4444.509870190339,0.0,1.0709447860717773,2.8268392086029053,3.55124831199646,5.721189498901367,124567,88,1.4533559254338122,1.3603926727279272,1.2985819999365849,1.3429315154983454
east_asia,t2m_snap_bilinear_baseline_wd,123,eval_aurora_lead6h,Aurora +6h,6,True,t2m,baseline,nll,gaussian,t2m,4,1.9945472640866848,2.1017978191375732,1.005212426185608,1.3940725326538086,1.8929139375686646,-0.1708815097808838,0.9845253898985481,1.4710640907287598,60.66213363089743,90.51032777541404,6953.675700626971,0.0,1.0952987670898438,2.890202283859253,3.6207592487335205,5.752726078033447,124567,88,1.4792598763262754,1.3920197370010425,1.3083182161940738,1.3855673847464716
east_asia,t2m_snap_bilinear_baseline_wd,123,eval_aurora_lead24h,Aurora +24h,24,True,t2m,baseline,nll,gaussian,t2m,4,1.9945472640866848,2.163785457611084,1.0471125841140747,1.4482439756393433,1.9575015306472778,-0.19432219862937927,0.9831197532377585,1.4692745208740234,58.93695762119984,89.03080270055472,10285.072458997967,0.0,1.1391124725341797,3.014559268951416,3.7787039279937744,5.9288740158081055,124567,88,1.5232501884104563,1.4399164296934555,1.350515590369911,1.4697771036816105
east_asia,t2m_snap_bilinear_baseline_wd,123,eval_aurora_lead72h,Aurora +72h,72,True,t2m,baseline,nll,gaussian,t2m,4,1.9945472640866848,2.365725517272949,1.17777419090271,1.611021637916565,2.1544690132141113,-0.3334616720676422,0.9793251719645276,1.4712047576904297,53.89709955285108,84.9783650565559,24721.10880891408,0.0,1.2702291011810303,3.364210367202759,4.207931995391846,6.439952850341797,124567,88,1.6507733493844368,1.63151377342242,1.5103743309327677,1.6462181365985735
east_asia,t2m_snap_bilinear_baseline_wd,42,eval_era5,ERA5,0,True,t2m,baseline,nll,gaussian,t2m,4,1.9557789673769237,2.0169575214385986,0.9578865766525269,1.326837182044983,1.8365830183029175,0.04510674625635147,0.9844646887034335,1.6018413305282593,67.94897525026693,93.51272809010412,295.58888790771226,2.25000858028706e-58,1.0200729370117188,2.7618484497070312,3.486609935760498,5.845772743225098,124567,88,1.3381652391249377,1.3416855110550705,1.284089104211005,1.341841559031917
east_asia,t2m_snap_bilinear_baseline_wd,42,eval_aurora_lead6h,Aurora +6h,6,True,t2m,baseline,nll,gaussian,t2m,4,1.9557789673769237,2.0388729572296143,0.9805050492286682,1.359631061553955,1.8694065809249878,-0.019060607999563217,0.9838696579835952,1.6018613576889038,66.39318599629115,93.00697616543707,764.1214848234283,1.119265995142291e-158,1.0503311157226562,2.8402957916259766,3.5798497200012207,5.892876625061035,124567,88,1.3706188840137037,1.38119327000696,1.3079917036759439,1.3771262948338254
east_asia,t2m_snap_bilinear_baseline_wd,42,eval_aurora_lead24h,Aurora +24h,24,True,t2m,baseline,nll,gaussian,t2m,4,1.9557789673769237,2.105315923690796,1.03219473361969,1.4296696186065674,1.9506553411483765,-0.04154995083808899,0.9824460488349193,1.600176453590393,63.901354291264944,91.58043462554288,2313.963577833615,0.0,1.1016731262207031,3.003711223602295,3.762432098388672,6.057100296020508,124567,88,1.4390915031794962,1.4419288509051988,1.371610891963885,1.4648973941272432
east_asia,t2m_snap_bilinear_baseline_wd,42,eval_aurora_lead72h,Aurora +72h,72,True,t2m,baseline,nll,gaussian,t2m,4,1.9557789673769237,2.294623374938965,1.1691590547561646,1.6069129705429077,2.1627302169799805,-0.1874169409275055,0.9786696307712152,1.6022361516952515,58.11731839090611,87.7969285605337,11450.516758049886,0.0,1.2546424865722656,3.3844716548919678,4.2553300857543945,6.609296798706055,124567,88,1.5661983964762263,1.638801210627529,1.572309035992665,1.6555580655366928
east_asia,t2m_snap_bilinear_baseline_wd,456,eval_era5,ERA5,0,True,t2m,baseline,nll,gaussian,t2m,3,1.9314967152511084,1.9992188215255737,0.9525083303451538,1.3254456520080566,1.815597414970398,-0.22746509313583374,0.9850881891276174,1.555785894393921,65.92677033243154,93.35538304687438,5277.521341928439,0.0,1.0394086837768555,2.72421932220459,3.4294638633728027,5.787826061248779,124567,88,1.3562632424706318,1.3382849678143167,1.2565031504657962,1.3466931388293215
east_asia,t2m_snap_bilinear_baseline_wd,456,eval_aurora_lead6h,Aurora +6h,6,True,t2m,baseline,nll,gaussian,t2m,3,1.9314967152511084,2.0392634868621826,0.9864144921302795,1.373579740524292,1.862243890762329,-0.28947845101356506,0.9845096335785093,1.552311658859253,63.78575385134104,92.4153266916599,8524.362158517102,0.0,1.0820293426513672,2.8330187797546387,3.546238660812378,5.828270435333252,124567,88,1.3873409011455633,1.3814963794146828,1.320735427672513,1.403048724365625
east_asia,t2m_snap_bilinear_baseline_wd,456,eval_aurora_lead24h,Aurora +24h,24,True,t2m,baseline,nll,gaussian,t2m,3,1.9314967152511084,2.117995262145996,1.0437567234039307,1.450096607208252,1.9489850997924805,-0.31030502915382385,0.9831707477997448,1.5491429567337036,60.91099568906693,90.6540255444861,12017.56276541941,0.0,1.1515541076660156,2.990328788757324,3.743727207183838,6.006287097930908,124567,88,1.447608723099178,1.4395781459766437,1.423417865386829,1.490513258568313
east_asia,t2m_snap_bilinear_baseline_wd,456,eval_aurora_lead72h,Aurora +72h,72,True,t2m,baseline,nll,gaussian,t2m,3,1.9314967152511084,2.350553512573242,1.2007514238357544,1.6511226892471313,2.1840105056762695,-0.44488954544067383,0.9794431362287425,1.5494706630706787,54.35950131254666,85.85500172597878,28306.925598272413,0.0,1.330820083618164,3.3966922760009766,4.257275581359863,6.541890621185303,124567,88,1.575581319287946,1.6373649811985511,1.69674094497441,1.7051833979633502
east_asia,t2m_snap_vae_lat16_concat_with_elev_no_static_wd_crps,123,eval_era5,ERA5,0,True,t2m,tessera,crps,gaussian,t2m,8,0.782850203852827,1.8911311626434326,0.8003954887390137,1.1071823835372925,1.5421706438064575,0.021641729399561882,0.9891264022536176,1.1721630096435547,62.53100740966708,90.85873465685134,3113.492184928592,0.0,0.8438004851341248,2.342641830444336,2.984292984008789,4.683949947357178,124567,88,1.1445240213217824,1.1311296606756023,1.0503498244398008,1.0974869803245537
east_asia,t2m_snap_vae_lat16_concat_with_elev_no_static_wd_crps,123,eval_aurora_lead6h,Aurora +6h,6,True,t2m,tessera,crps,gaussian,t2m,8,0.782850203852827,1.9175580739974976,0.8179190158843994,1.1323000192642212,1.5649018287658691,-0.04185264930129051,0.9887627200038734,1.1722583770751953,61.277866529658745,90.33050486886575,4655.226512639784,0.0,0.8692812919616699,2.384897470474243,3.019530773162842,4.691873550415039,124567,88,1.1657339629744206,1.155338482914831,1.0668910641811786,1.136611802228354
east_asia,t2m_snap_vae_lat16_concat_with_elev_no_static_wd_crps,123,eval_aurora_lead24h,Aurora +24h,24,True,t2m,tessera,crps,gaussian,t2m,8,0.782850203852827,2.0141780376434326,0.8684465289115906,1.1960430145263672,1.6422535181045532,-0.07436062395572662,0.9875998156542489,1.1691083908081055,58.55322838311913,88.34924177350342,9038.910634437692,0.0,0.9206972122192383,2.524165153503418,3.192250967025757,4.944253921508789,124567,88,1.219051972250934,1.2182464973452423,1.1293258254585208,1.2143856872936227
east_asia,t2m_snap_vae_lat16_concat_with_elev_no_static_wd_crps,123,eval_aurora_lead72h,Aurora +72h,72,True,t2m,tessera,crps,gaussian,t2m,8,0.782850203852827,2.3188893795013428,1.0211721658706665,1.3862652778625488,1.8685754537582397,-0.1955072283744812,0.9841023190826452,1.1707825660705566,51.60114637102925,82.66555347724518,27909.24563487922,0.0,1.0848827362060547,2.897691249847412,3.653773069381714,5.6333770751953125,124567,88,1.3695047538070155,1.4398669555321655,1.3252322490672757,1.4121171567233104
east_asia,t2m_snap_vae_lat16_concat_with_elev_no_static_wd_crps,42,eval_era5,ERA5,0,True,t2m,tessera,crps,gaussian,t2m,13,0.7847315878719193,1.8885775804519653,0.7977825403213501,1.1011958122253418,1.5375829935073853,-0.07237736880779266,0.9892018604169802,1.1276286840438843,61.29873883131166,89.97407017910041,5084.798229065483,0.0,0.8334484100341797,2.3412325382232666,2.995393753051758,4.734005451202393,124567,88,1.135620846877369,1.14231422210808,1.0418062692715557,1.0798816671883915
east_asia,t2m_snap_vae_lat16_concat_with_elev_no_static_wd_crps,42,eval_aurora_lead6h,Aurora +6h,6,True,t2m,tessera,crps,gaussian,t2m,13,0.7847315878719193,1.9256802797317505,0.8213189244270325,1.1347718238830566,1.5680049657821655,-0.1276506930589676,0.9887776079583016,1.12798273563385,59.345573065097504,89.18814774378447,8535.86681063203,0.0,0.8704643249511719,2.3935558795928955,3.045701742172241,4.741250038146973,124567,88,1.1617243958155312,1.1713653249094265,1.0866814223372652,1.1151995003239858
east_asia,t2m_snap_vae_lat16_concat_with_elev_no_static_wd_crps,42,eval_aurora_lead24h,Aurora +24h,24,True,t2m,tessera,crps,gaussian,t2m,13,0.7847315878719193,2.038557529449463,0.8782330751419067,1.206369400024414,1.652600884437561,-0.15025056898593903,0.9875192317845568,1.1243948936462402,56.315075421259245,86.95481146692141,14796.047917987911,0.0,0.9312939643859863,2.5505571365356445,3.222951889038086,4.989013671875,124567,88,1.2169223718109243,1.2348191788021052,1.1726698814623144,1.1992742871198336
east_asia,t2m_snap_vae_lat16_concat_with_elev_no_static_wd_crps,42,eval_aurora_lead72h,Aurora +72h,72,True,t2m,tessera,crps,gaussian,t2m,13,0.7847315878719193,2.3881120681762695,1.0461540222167969,1.4137760400772095,1.895296335220337,-0.27378037571907043,0.983820541610097,1.126882553100586,48.67581301628842,80.55263432530285,39972.911132161804,0.0,1.1154975891113281,2.9538991451263428,3.7322003841400146,5.6758904457092285,124567,88,1.3757781161603695,1.4661749197127703,1.410274249232527,1.4071007538488467
east_asia,t2m_snap_vae_lat16_concat_with_elev_no_static_wd_crps,456,eval_era5,ERA5,0,True,t2m,tessera,crps,gaussian,t2m,19,0.7764506242049419,1.9019759893417358,0.7960178852081299,1.094388723373413,1.5417308807373047,0.008326682262122631,0.9890567166121076,1.095296025276184,60.57864442428572,89.13355864715375,5404.991217577689,0.0,0.8185653686523438,2.3343284130096436,3.01179838180542,4.877392292022705,124567,88,1.1314892937421697,1.1255932951626613,1.032359945209582,1.0827972803752561
east_asia,t2m_snap_vae_lat16_concat_with_elev_no_static_wd_crps,456,eval_aurora_lead6h,Aurora +6h,6,True,t2m,tessera,crps,gaussian,t2m,19,0.7764506242049419,1.9404022693634033,0.8194594979286194,1.1269577741622925,1.5727009773254395,-0.04799730330705643,0.9886356435610052,1.0956659317016602,59.004391211155436,88.43433654178074,7892.675596265463,0.0,0.8517398834228516,2.3975226879119873,3.072899341583252,4.893054485321045,124567,88,1.1573768552755663,1.1573547057237141,1.0766697897888586,1.1119724762471312
east_asia,t2m_snap_vae_lat16_concat_with_elev_no_static_wd_crps,456,eval_aurora_lead24h,Aurora +24h,24,True,t2m,tessera,crps,gaussian,t2m,19,0.7764506242049419,2.0636227130889893,0.8790431022644043,1.2010215520858765,1.6615639925003052,-0.06526091694831848,0.9873739555646444,1.091769814491272,55.68248412500903,85.99147446755562,14117.304109435081,0.0,0.9125313758850098,2.563509702682495,3.2704272270202637,5.163127899169922,124567,88,1.221860700614294,1.225179606227919,1.1608793957898316,1.1930861655397549
east_asia,t2m_snap_vae_lat16_concat_with_elev_no_static_wd_crps,456,eval_aurora_lead72h,Aurora +72h,72,True,t2m,tessera,crps,gaussian,t2m,19,0.7764506242049419,2.433750867843628,1.0495429039001465,1.4106489419937134,1.907327651977539,-0.19402019679546356,0.9836575831763441,1.095481038093567,48.078544076681624,79.62060577841643,38418.78202894828,0.0,1.0946874618530273,2.9739468097686768,3.775073289871216,5.861906051635742,124567,88,1.3839155928540319,1.458536874013804,1.4063729387027315,1.3965355688925234
east_asia,t2m_snap_vae_lat16_concat_with_elev_no_static_wd,123,eval_era5,ERA5,0,True,t2m,tessera,nll,gaussian,t2m,9,1.7209753741445653,1.8013498783111572,0.7971928715705872,1.1121997833251953,1.545371413230896,-0.06481539458036423,0.989135383257952,1.360108494758606,68.64097232814468,94.34280347122433,946.9132354475904,4.802368563124609e-198,0.8483982086181641,2.352389097213745,3.010864734649658,4.7316203117370605,124567,88,1.1501242392985391,1.1444026097695597,1.0776846148447266,1.0709537675494751
east_asia,t2m_snap_vae_lat16_concat_with_elev_no_static_wd,123,eval_aurora_lead6h,Aurora +6h,6,True,t2m,tessera,nll,gaussian,t2m,9,1.7209753741445653,1.832258939743042,0.8210586309432983,1.1484484672546387,1.5794790983200073,-0.12201923877000809,0.9887575174442121,1.3603379726409912,66.72312891857393,93.82340427239959,2005.0644311896408,0.0,0.8873624801635742,2.425507068634033,3.0681235790252686,4.760704517364502,124567,88,1.1681698454916192,1.1792089032794175,1.1383095486053094,1.104845129802333
east_asia,t2m_snap_vae_lat16_concat_with_elev_no_static_wd,123,eval_aurora_lead24h,Aurora +24h,24,True,t2m,tessera,nll,gaussian,t2m,9,1.7209753741445653,1.9188051223754883,0.8790702819824219,1.2268259525299072,1.671902060508728,-0.14972686767578125,0.9875342197668389,1.3562016487121582,63.30890203665497,91.9657694252892,4387.339833182143,0.0,0.9529457092285156,2.5904006958007812,3.2695460319519043,5.026355743408203,124567,88,1.22574022225855,1.2463222089929573,1.2443384428126265,1.19054750717183
east_asia,t2m_snap_vae_lat16_concat_with_elev_no_static_wd,123,eval_aurora_lead72h,Aurora +72h,72,True,t2m,tessera,nll,gaussian,t2m,9,1.7209753741445653,2.1747689247131348,1.0362298488616943,1.4309638738632202,1.9123345613479614,-0.2673623561859131,0.9840933360562167,1.3602910041809082,55.73145375581012,86.81432482118056,18330.98381593841,0.0,1.12860107421875,2.9929423332214355,3.753451347351074,5.706032752990723,124567,88,1.3790592153598018,1.4624107787864602,1.5011569697867828,1.3872865966649979
east_asia,t2m_snap_vae_lat16_concat_with_elev_no_static_wd,42,eval_era5,ERA5,0,True,t2m,tessera,nll,gaussian,t2m,8,1.7091690842714224,1.7980691194534302,0.7932807207107544,1.1029956340789795,1.5410970449447632,0.1716652661561966,0.9892010592564132,1.3587992191314697,69.1563576228054,94.29463662125603,1794.5746546035466,0.0,0.8331203460693359,2.3532907962799072,3.0257341861724854,4.710634708404541,124567,88,1.1301841792605756,1.146237800381571,1.0549645342500338,1.0763148279548265
east_asia,t2m_snap_vae_lat16_concat_with_elev_no_static_wd,42,eval_aurora_lead6h,Aurora +6h,6,True,t2m,tessera,nll,gaussian,t2m,8,1.7091690842714224,1.8169721364974976,0.8080811500549316,1.126166820526123,1.5619211196899414,0.11069438606500626,0.9888286198071812,1.358405590057373,67.9778753602479,94.01446611060715,809.2599243780455,2.1590496354426766e-168,0.8576912879943848,2.382105588912964,3.051867723464966,4.751258373260498,124567,88,1.1480607571423347,1.165741326172046,1.0841491399726886,1.1031960235387046
east_asia,t2m_snap_vae_lat16_concat_with_elev_no_static_wd,42,eval_aurora_lead24h,Aurora +24h,24,True,t2m,tessera,nll,gaussian,t2m,8,1.7091690842714224,1.8953608274459839,0.8592552542686462,1.1954587697982788,1.6448109149932861,0.07509307563304901,0.9876069618158444,1.3539117574691772,65.01561408719806,92.32702080005137,1498.7447799176348,0.0,0.9158782958984375,2.539435863494873,3.2310519218444824,4.981472969055176,124567,88,1.204194879721693,1.2295962513069543,1.157318920184078,1.1891013011814566
east_asia,t2m_snap_vae_lat16_concat_with_elev_no_static_wd,42,eval_aurora_lead72h,Aurora +72h,72,True,t2m,tessera,nll,gaussian,t2m,8,1.7091690842714224,2.120074510574341,0.9996650815010071,1.3806568384170532,1.8631633520126343,-0.04337138682603836,0.9842016597122438,1.3560872077941895,57.70629460451002,87.96069585042588,9978.298112662262,0.0,1.0766563415527344,2.90460205078125,3.666857957839966,5.647035121917725,124567,88,1.342905981261281,1.444387250403521,1.3658255929925365,1.3735498355813156
east_asia,t2m_snap_vae_lat16_concat_with_elev_no_static_wd,456,eval_era5,ERA5,0,True,t2m,tessera,nll,gaussian,t2m,15,1.7283681074723694,1.8194794654846191,0.793752908706665,1.1023486852645874,1.5423786640167236,-0.029824674129486084,0.9890578416495232,1.2454257011413574,65.05254200550708,92.22185651095394,1302.5687461366172,8.623434239979299e-275,0.8322467803955078,2.340439558029175,3.0060484409332275,4.809059143066406,124567,88,1.1266174111493392,1.1448767821064074,1.042469473223038,1.091646503406774
east_asia,t2m_snap_vae_lat16_concat_with_elev_no_static_wd,456,eval_aurora_lead6h,Aurora +6h,6,True,t2m,tessera,nll,gaussian,t2m,15,1.7283681074723694,1.854407787322998,0.8155813217163086,1.1340705156326294,1.5706775188446045,-0.0832008495926857,0.988670531925581,1.2415598630905151,63.19410437756389,91.51701493975129,3202.827883789446,0.0,0.8706989288330078,2.394441843032837,3.046957015991211,4.788087844848633,124567,88,1.1500846741615742,1.1666851301600436,1.090198990357637,1.1267554253817011
east_asia,t2m_snap_vae_lat16_concat_with_elev_no_static_wd,456,eval_aurora_lead24h,Aurora +24h,24,True,t2m,tessera,nll,gaussian,t2m,15,1.7283681074723694,1.9525682926177979,0.87110835313797,1.2067112922668457,1.6577773094177246,-0.10679567605257034,0.9874130681707352,1.235850214958191,60.08332865044515,89.36395674616872,7226.082517841804,0.0,0.9280128479003906,2.5491769313812256,3.236170530319214,5.074408531188965,124567,88,1.2068411595364188,1.2288027832413713,1.1772145908287561,1.2137301152559083
east_asia,t2m_snap_vae_lat16_concat_with_elev_no_static_wd,456,eval_aurora_lead72h,Aurora +72h,72,True,t2m,tessera,nll,gaussian,t2m,15,1.7283681074723694,2.264073133468628,1.0352606773376465,1.4149826765060425,1.9012486934661865,-0.2298727035522461,0.9837186215534637,1.2410722970962524,52.35254923053457,83.73004086154438,25953.215225541273,0.0,1.1107654571533203,2.9574365615844727,3.7398109436035156,5.747646808624268,124567,88,1.3622648241378184,1.4568424266152276,1.4232491993402163,1.423956606003318
east_asia,wind_truncnormal_snap_bilinear_baseline_wd_crps,123,eval_era5,ERA5,0,True,wind,baseline,crps,truncated_normal,wind,2,0.8981151696788013,1.8863059282302856,0.895256757736206,1.2463589906692505,1.7277777194976807,-0.11359112709760666,0.6557659821179113,1.396633505821228,66.8879494639384,93.16702296947584,4804.265860832945,0.0,0.9210419654846191,2.689937114715576,3.484729766845703,5.61311149597168,124426,88,1.3720700373621466,1.2532619636711315,1.133103277206057,1.2109617173002187
east_asia,wind_truncnormal_snap_bilinear_baseline_wd_crps,123,eval_aurora_lead6h,Aurora +6h,6,True,wind,baseline,crps,truncated_normal,wind,2,0.8981151696788013,1.889398217201233,0.895641028881073,1.2452452182769775,1.7288538217544556,-0.13520099222660065,0.6555540233821217,1.3930907249450684,66.90321958433125,92.99744426406058,5192.065195377172,0.0,0.9148174524307251,2.6954703330993652,3.4986565113067627,5.6202168464660645,124426,88,1.3721099080369537,1.2532933090491711,1.1308863005008554,1.2084852458790092
east_asia,wind_truncnormal_snap_bilinear_baseline_wd_crps,123,eval_aurora_lead24h,Aurora +24h,24,True,wind,baseline,crps,truncated_normal,wind,2,0.8981151696788013,1.8996312618255615,0.9040522575378418,1.256726622581482,1.742985486984253,-0.1288270801305771,0.6486390068423226,1.3958395719528198,66.55120312474885,92.79411055567165,5389.889122852137,0.0,0.9222172498703003,2.720078945159912,3.5321671962738037,5.638810157775879,124426,88,1.3879808792234523,1.2622175973403655,1.143208064282032,1.2167510393330456
east_asia,wind_truncnormal_snap_bilinear_baseline_wd_crps,123,eval_aurora_lead72h,Aurora +72h,72,True,wind,baseline,crps,truncated_normal,wind,2,0.8981151696788013,1.95671546459198,0.9390972256660461,1.3011521100997925,1.8095999956130981,-0.1230887696146965,0.6162791368707478,1.3979978561401367,65.1568000257181,92.07962965939595,6735.548872422162,0.0,0.9491204619407654,2.8250889778137207,3.6911721229553223,5.936213970184326,124426,88,1.4301656708982842,1.3137575734919966,1.1885674065033656,1.255526047874482
east_asia,wind_truncnormal_snap_bilinear_baseline_wd_crps,42,eval_era5,ERA5,0,True,wind,baseline,crps,truncated_normal,wind,1,0.8967254968972426,1.8423895835876465,0.8943164348602295,1.241829752922058,1.7368477582931519,-0.20777805149555206,0.6535394457946446,1.6080329418182373,74.2071592753926,94.81137382862103,4851.161525726135,0.0,0.900251030921936,2.6981959342956543,3.553271770477295,5.833295822143555,124426,88,1.3656118837130808,1.2393026510684726,1.1362879177445488,1.210455297825967
east_asia,wind_truncnormal_snap_bilinear_baseline_wd_crps,42,eval_aurora_lead6h,Aurora +6h,6,True,wind,baseline,crps,truncated_normal,wind,1,0.8967254968972426,1.8459149599075317,0.8958594799041748,1.24272882938385,1.7403188943862915,-0.22124366462230682,0.6526775919408178,1.6056089401245117,74.15974153312008,94.70448298587112,5122.179801649174,0.0,0.8998528718948364,2.7002387046813965,3.5658018589019775,5.854028701782227,124426,88,1.3672535816845992,1.241682292704007,1.136919973211994,1.2092732804797253
east_asia,wind_truncnormal_snap_bilinear_baseline_wd_crps,42,eval_aurora_lead24h,Aurora +24h,24,True,wind,baseline,crps,truncated_normal,wind,1,0.8967254968972426,1.8521668910980225,0.9015499353408813,1.2509280443191528,1.7500519752502441,-0.21867911517620087,0.6473362947003507,1.6070716381072998,73.96122996801311,94.60402166749715,5063.644929516339,0.0,0.9046223759651184,2.7242908477783203,3.5898475646972656,5.881222248077393,124426,88,1.3764676948511494,1.2496377878746938,1.1469949045435064,1.2146804961309885
east_asia,wind_truncnormal_snap_bilinear_baseline_wd_crps,42,eval_aurora_lead72h,Aurora +72h,72,True,wind,baseline,crps,truncated_normal,wind,1,0.8967254968972426,1.8870182037353516,0.9260072708129883,1.2820953130722046,1.7989450693130493,-0.2146567404270172,0.6207506787044818,1.6086833477020264,73.11012167874881,94.16601031938663,5295.914230144825,0.0,0.9221289753913879,2.8097314834594727,3.712728977203369,6.0787835121154785,124426,88,1.403452943991595,1.2865466010483693,1.1818235161475592,1.2410484271935518
east_asia,wind_truncnormal_snap_bilinear_baseline_wd_crps,456,eval_era5,ERA5,0,True,wind,baseline,crps,truncated_normal,wind,1,0.9001292289326104,1.871286153793335,0.9006805419921875,1.2417596578598022,1.7456233501434326,-0.2721409797668457,0.6534443011990143,1.5687763690948486,73.19531287672994,94.0607268577307,5876.655232829151,0.0,0.89134681224823,2.7334558963775635,3.6009597778320312,5.867425441741943,124426,88,1.3668329649495516,1.243508503266855,1.1266784961967171,1.2141759341877072
east_asia,wind_truncnormal_snap_bilinear_baseline_wd_crps,456,eval_aurora_lead6h,Aurora +6h,6,True,wind,baseline,crps,truncated_normal,wind,1,0.9001292289326104,1.8749778270721436,0.9026477336883545,1.243323802947998,1.7497739791870117,-0.2852000892162323,0.6524170464760248,1.5666093826293945,73.13503608570556,93.97473196920258,6209.016957870541,0.0,0.8932600021362305,2.739435911178589,3.61785626411438,5.889936447143555,124426,88,1.3693040692894156,1.2452811913561561,1.1291824306600597,1.213552629353449
east_asia,wind_truncnormal_snap_bilinear_baseline_wd_crps,456,eval_aurora_lead24h,Aurora +24h,24,True,wind,baseline,crps,truncated_normal,wind,1,0.9001292289326104,1.8821622133255005,0.9089564085006714,1.252443552017212,1.7600619792938232,-0.2778449058532715,0.6463643259242973,1.5693765878677368,72.84892225097649,93.90159612942632,6170.719013710961,0.0,0.8993697762489319,2.754861354827881,3.6358981132507324,5.877252101898193,124426,88,1.380953650810374,1.2527142212317521,1.1407764942382506,1.2190315462887988
east_asia,wind_truncnormal_snap_bilinear_baseline_wd_crps,456,eval_aurora_lead72h,Aurora +72h,72,True,wind,baseline,crps,truncated_normal,wind,1,0.9001292289326104,1.9175262451171875,0.9341083765029907,1.2845865488052368,1.8089858293533325,-0.2736852765083313,0.619856639522485,1.571589708328247,71.93512609904683,93.47162168678572,6682.446948386993,0.0,0.9155071973800659,2.839963912963867,3.7487308979034424,6.089874744415283,124426,88,1.4104414917884676,1.2914805576837443,1.1731729471351628,1.2471798777811411
east_asia,wind_truncnormal_snap_bilinear_baseline_wd,123,eval_era5,ERA5,0,True,wind,baseline,nll,truncated_normal,wind,1,1.8130632027748437,1.8345768451690674,0.9100991487503052,1.2624396085739136,1.7611654996871948,-0.25438112020492554,0.6439669822771011,1.8543367385864258,79.51714271936734,96.38419622908395,5863.766126050826,0.0,0.9182332158088684,2.7604422569274902,3.6120541095733643,5.8327460289001465,124426,88,1.3793663355672958,1.269272352181602,1.157760099612413,1.2284292968233643
east_asia,wind_truncnormal_snap_bilinear_baseline_wd,123,eval_aurora_lead6h,Aurora +6h,6,True,wind,baseline,nll,truncated_normal,wind,1,1.8130632027748437,1.8373196125030518,0.9118097424507141,1.263503909111023,1.7649872303009033,-0.2673102021217346,0.6430121856233714,1.850425124168396,79.42552199701028,96.3391895584524,6098.951537460016,0.0,0.9160676002502441,2.7580981254577637,3.6333577632904053,5.830009460449219,124426,88,1.3813487155150874,1.2706966424563717,1.159021248955731,1.2278876015500497
east_asia,wind_truncnormal_snap_bilinear_baseline_wd,123,eval_aurora_lead24h,Aurora +24h,24,True,wind,baseline,nll,truncated_normal,wind,1,1.8130632027748437,1.8443787097930908,0.9182263612747192,1.27288019657135,1.7766460180282593,-0.2623847723007202,0.636295092654157,1.8519195318222046,79.11208268368347,96.27007217141113,5973.06755822738,0.0,0.9219092130661011,2.7842869758605957,3.6557092666625977,5.835240364074707,124426,88,1.3943583281351402,1.2781416096479463,1.169545040494291,1.2339575629094508
east_asia,wind_truncnormal_snap_bilinear_baseline_wd,123,eval_aurora_lead72h,Aurora +72h,72,True,wind,baseline,nll,truncated_normal,wind,1,1.8130632027748437,1.8721486330032349,0.9410690069198608,1.3032151460647583,1.822922945022583,-0.2534167170524597,0.6102995804066813,1.8543918132781982,78.3654541655281,95.90680404417084,5827.56388536158,0.0,0.9384885430335999,2.8698415756225586,3.7583224773406982,6.04841423034668,124426,88,1.421588149765248,1.3143329749625001,1.2021511176105801,1.2595565233805037
east_asia,wind_truncnormal_snap_bilinear_baseline_wd,42,eval_era5,ERA5,0,True,wind,baseline,nll,truncated_normal,wind,1,1.8099360717185655,1.8273842334747314,0.9077202677726746,1.2613722085952759,1.760689616203308,-0.2297862023115158,0.6424743109072114,1.8509613275527954,79.81209715011333,96.41071801713468,5852.483757414045,0.0,0.9194855690002441,2.735877513885498,3.6212868690490723,5.86027717590332,124426,88,1.380685948934351,1.2638916577176362,1.1559787369753025,1.229770414253254
east_asia,wind_truncnormal_snap_bilinear_baseline_wd,42,eval_aurora_lead6h,Aurora +6h,6,True,wind,baseline,nll,truncated_normal,wind,1,1.8099360717185655,1.830339789390564,0.9092082977294922,1.2620407342910767,1.7639268636703491,-0.24375811219215393,0.6418119380680325,1.8466706275939941,79.75905357401186,96.34722646392233,6080.356710012376,0.0,0.9208821058273315,2.733687400817871,3.6299400329589844,5.892165184020996,124426,88,1.382619015467202,1.2659711657255095,1.1558195134542575,1.2284016768814456
east_asia,wind_truncnormal_snap_bilinear_baseline_wd,42,eval_aurora_lead24h,Aurora +24h,24,True,wind,baseline,nll,truncated_normal,wind,1,1.8099360717185655,1.8362910747528076,0.9147902727127075,1.2701756954193115,1.7740205526351929,-0.2421218901872635,0.6362042241578111,1.8468323945999146,79.43596997412116,96.23712085898445,5983.274267436067,0.0,0.9236458539962769,2.763735771179199,3.6574597358703613,5.912596702575684,124426,88,1.392661961920142,1.2735207937047892,1.164795025081994,1.234124086048991
east_asia,wind_truncnormal_snap_bilinear_baseline_wd,42,eval_aurora_lead72h,Aurora +72h,72,True,wind,baseline,nll,truncated_normal,wind,1,1.8099360717185655,1.864045262336731,0.9375582933425903,1.299884557723999,1.8210439682006836,-0.23552945256233215,0.6097883066391478,1.848686933517456,78.64353109478726,95.88590808994904,5881.907672029962,0.0,0.9397985935211182,2.8538081645965576,3.766007900238037,6.133813381195068,124426,88,1.4183591110525229,1.309203857273811,1.197096636101337,1.2596803100266043
east_asia,wind_truncnormal_snap_bilinear_baseline_wd,456,eval_era5,ERA5,0,True,wind,baseline,nll,truncated_normal,wind,2,1.7878660657427126,1.8005609512329102,0.8879585266113281,1.2696176767349243,1.7176448106765747,0.13955570757389069,0.6628245295361336,1.6732523441314697,73.04904119717743,95.98476202722904,3636.720171025348,0.0,0.9711073637008667,2.7033419609069824,3.4347774982452393,5.382925033569336,124426,88,1.3907853055439867,1.2645654372743067,1.1759112053007352,1.2318548639490503
east_asia,wind_truncnormal_snap_bilinear_baseline_wd,456,eval_aurora_lead6h,Aurora +6h,6,True,wind,baseline,nll,truncated_normal,wind,2,1.7878660657427126,1.8012689352035522,0.8870152831077576,1.2668864727020264,1.7161893844604492,0.1194848045706749,0.6623858934968936,1.6674315929412842,73.15191358719238,95.91323356854676,3462.255187822481,0.0,0.9665000438690186,2.6985738277435303,3.4339232444763184,5.374166965484619,124426,88,1.3932095132403317,1.261742861407727,1.1699497661487097,1.226627708792559
east_asia,wind_truncnormal_snap_bilinear_baseline_wd,456,eval_aurora_lead24h,Aurora +24h,24,True,wind,baseline,nll,truncated_normal,wind,2,1.7878660657427126,1.81112802028656,0.8958339691162109,1.279842734336853,1.731834888458252,0.12666045129299164,0.655515714625533,1.6696921586990356,72.66648449680935,95.76615819844727,3569.1651584074066,0.0,0.9745565056800842,2.7314116954803467,3.4753966331481934,5.411185264587402,124426,88,1.4124041713339037,1.2720548075715454,1.1822882837656978,1.235831250371095
east_asia,wind_truncnormal_snap_bilinear_baseline_wd,456,eval_aurora_lead72h,Aurora +72h,72,True,wind,baseline,nll,truncated_normal,wind,2,1.7878660657427126,1.8548049926757812,0.9304381608963013,1.326399803161621,1.8001326322555542,0.13552600145339966,0.6240294888337239,1.6716039180755615,71.2527928246508,95.15937183546848,4072.037226946137,0.0,1.003928542137146,2.835038423538208,3.631237745285034,5.639044284820557,124426,88,1.4543918547245254,1.326911200613246,1.2316332166796242,1.2763017501924152
east_asia,wind_truncnormal_snap_vae_lat16_concat_with_elev_no_static_wd_crps,123,eval_era5,ERA5,0,True,wind,tessera,crps,truncated_normal,wind,3,0.8259931237998692,1.689727783203125,0.8189207315444946,1.1640385389328003,1.6025526523590088,0.06573858857154846,0.7131611974595947,1.5167239904403687,73.74503721087233,96.08683072669699,3131.0316493337405,0.0,0.8634216785430908,2.5029072761535645,3.253913402557373,5.214080810546875,124426,88,1.3015919385450427,1.1451994971516024,1.067620062185678,1.1244848454303842
east_asia,wind_truncnormal_snap_vae_lat16_concat_with_elev_no_static_wd_crps,123,eval_aurora_lead6h,Aurora +6h,6,True,wind,tessera,crps,truncated_normal,wind,3,0.8259931237998692,1.6885381937026978,0.8166946172714233,1.159596562385559,1.5988606214523315,0.03698040917515755,0.7138316866970901,1.5101754665374756,73.87041293620304,96.00485429090384,2902.2040731036927,0.0,0.8559771776199341,2.5055336952209473,3.2459371089935303,5.229244232177734,124426,88,1.2996432601728622,1.1422585032467893,1.0611444107826464,1.1177369566262167
east_asia,wind_truncnormal_snap_vae_lat16_concat_with_elev_no_static_wd_crps,123,eval_aurora_lead24h,Aurora +24h,24,True,wind,tessera,crps,truncated_normal,wind,3,0.8259931237998692,1.7019952535629272,0.8275790214538574,1.1754029989242554,1.6180002689361572,0.04132077097892761,0.7060505643060173,1.511185884475708,73.20415347274685,95.78544677157508,2874.513236783309,0.0,0.868927538394928,2.539780855178833,3.2945358753204346,5.257517337799072,124426,88,1.3166405812275093,1.1559367931191875,1.0805972598427092,1.1306875836154968
east_asia,wind_truncnormal_snap_vae_lat16_concat_with_elev_no_static_wd_crps,123,eval_aurora_lead72h,Aurora +72h,72,True,wind,tessera,crps,truncated_normal,wind,3,0.8259931237998692,1.7571772336959839,0.8683666586875916,1.228988528251648,1.698951005935669,0.0519181564450264,0.6722918224127749,1.5129958391189575,71.41192355295517,94.9713082474724,3103.9067718965493,0.0,0.8998123407363892,2.6783289909362793,3.4780635833740234,5.561225414276123,124426,88,1.361560972359328,1.223228468494074,1.1378722554433993,1.1764113417353086
east_asia,wind_truncnormal_snap_vae_lat16_concat_with_elev_no_static_wd_crps,42,eval_era5,ERA5,0,True,wind,tessera,crps,truncated_normal,wind,3,0.8308616160487343,1.7016624212265015,0.8217941522598267,1.1659328937530518,1.6072560548782349,0.02995748445391655,0.7089308466859566,1.5135259628295898,73.86157234018613,95.94698857152042,3401.9586260106407,0.0,0.8675594329833984,2.486415386199951,3.247312307357788,5.260219097137451,124426,88,1.289775911150253,1.1474552719315414,1.0926928208226108,1.1181956943942521
east_asia,wind_truncnormal_snap_vae_lat16_concat_with_elev_no_static_wd_crps,42,eval_aurora_lead6h,Aurora +6h,6,True,wind,tessera,crps,truncated_normal,wind,3,0.8308616160487343,1.7003464698791504,0.8194376826286316,1.1609840393066406,1.6040844917297363,0.0024418781977146864,0.7100363137378817,1.508286952972412,74.01427354411457,95.82080915564272,3267.9851799463136,0.0,0.8601151704788208,2.4762353897094727,3.2403080463409424,5.282070636749268,124426,88,1.286319261994158,1.1447191431413866,1.0840376279478063,1.1130359535018097
east_asia,wind_truncnormal_snap_vae_lat16_concat_with_elev_no_static_wd_crps,42,eval_aurora_lead24h,Aurora +24h,24,True,wind,tessera,crps,truncated_normal,wind,3,0.8308616160487343,1.711938738822937,0.8290849328041077,1.1750681400299072,1.6204651594161987,0.007387133780866861,0.7029787808762844,1.5101393461227417,73.4243646826226,95.71070355070484,3264.4791603041167,0.0,0.8722599744796753,2.5095748901367188,3.2801876068115234,5.322883129119873,124426,88,1.3038340618133897,1.1551319537217697,1.1008460955644812,1.1242272069766883
east_asia,wind_truncnormal_snap_vae_lat16_concat_with_elev_no_static_wd_crps,42,eval_aurora_lead72h,Aurora +72h,72,True,wind,tessera,crps,truncated_normal,wind,3,0.8308616160487343,1.7622758150100708,0.8665601015090942,1.223994493484497,1.6947647333145142,0.015043085440993309,0.6701701483007121,1.5130536556243896,71.7904618005883,94.98497098677126,3511.781974828412,0.0,0.8985443115234375,2.6420373916625977,3.450336217880249,5.610107421875,124426,88,1.3480705650515612,1.215779828754205,1.1508863174389616,1.165403684763092
east_asia,wind_truncnormal_snap_vae_lat16_concat_with_elev_no_static_wd_crps,456,eval_era5,ERA5,0,True,wind,tessera,crps,truncated_normal,wind,3,0.8336992062520883,1.6920956373214722,0.8268950581550598,1.1864053010940552,1.61049485206604,0.17246310412883759,0.7129381068143662,1.5536547899246216,73.46615659106618,96.44688409174931,4982.798482632247,0.0,0.896354079246521,2.536205291748047,3.2480547428131104,5.088718891143799,124426,88,1.359738102131537,1.1575888289387357,1.0692825048976988,1.137327782184037
east_asia,wind_truncnormal_snap_vae_lat16_concat_with_elev_no_static_wd_crps,456,eval_aurora_lead6h,Aurora +6h,6,True,wind,tessera,crps,truncated_normal,wind,3,0.8336992062520883,1.6904451847076416,0.8243884444236755,1.180677890777588,1.6070330142974854,0.1449507176876068,0.712908043306569,1.5463261604309082,73.64216482085737,96.3110603893077,4435.063604069888,0.0,0.8893970251083374,2.526963949203491,3.249962329864502,5.1141862869262695,124426,88,1.3580968453240605,1.1516489012310909,1.0611607647232477,1.1295978467125374
east_asia,wind_truncnormal_snap_vae_lat16_concat_with_elev_no_static_wd_crps,456,eval_aurora_lead24h,Aurora +24h,24,True,wind,tessera,crps,truncated_normal,wind,3,0.8336992062520883,1.7041587829589844,0.8356554508209229,1.1968873739242554,1.627088189125061,0.14968855679035187,0.7048508399731909,1.545966386795044,72.91000273254787,96.09808239435488,4414.760773471782,0.0,0.9002098441123962,2.5634407997131348,3.3061602115631104,5.175336837768555,124426,88,1.3794397409475658,1.164258072827398,1.0791905406368916,1.141823776929128
east_asia,wind_truncnormal_snap_vae_lat16_concat_with_elev_no_static_wd_crps,456,eval_aurora_lead72h,Aurora +72h,72,True,wind,tessera,crps,truncated_normal,wind,3,0.8336992062520883,1.7550349235534668,0.8748157620429993,1.2485384941101074,1.7042596340179443,0.15942350029945374,0.6726048367167949,1.548543930053711,71.18287174706252,95.37877935479723,4585.8060533972,0.0,0.9300224184989929,2.700739860534668,3.480471611022949,5.453159332275391,124426,88,1.424937287667508,1.2277111246559482,1.1360044515623,1.183222507272343
east_asia,wind_truncnormal_snap_vae_lat16_concat_with_elev_no_static_wd,123,eval_era5,ERA5,0,True,wind,tessera,nll,truncated_normal,wind,3,1.6700050800568287,1.6810083389282227,0.8109609484672546,1.1444264650344849,1.5909079313278198,-0.07639887928962708,0.7164592813907421,1.5684071779251099,75.55334094160384,95.9791361934001,2651.175509941652,0.0,0.8356895446777344,2.4760568141937256,3.2308497428894043,5.236466884613037,124426,88,1.2832041521031947,1.1226128252610552,1.0449828055865589,1.1095638891856885
east_asia,wind_truncnormal_snap_vae_lat16_concat_with_elev_no_static_wd,123,eval_aurora_lead6h,Aurora +6h,6,True,wind,tessera,nll,truncated_normal,wind,3,1.6700050800568287,1.683677315711975,0.8113657832145691,1.1426458358764648,1.5926514863967896,-0.10573864728212357,0.7164053295590221,1.5604219436645508,75.35563306704387,95.80875379743784,2934.588783694726,0.0,0.8325798511505127,2.4860219955444336,3.239490509033203,5.299858093261719,124426,88,1.2821903805386352,1.1228974783282097,1.0430260850580464,1.1049869580094223
east_asia,wind_truncnormal_snap_vae_lat16_concat_with_elev_no_static_wd,123,eval_aurora_lead24h,Aurora +24h,24,True,wind,tessera,nll,truncated_normal,wind,3,1.6700050800568287,1.699539303779602,0.8223995566368103,1.1577478647232056,1.6118038892745972,-0.10009865462779999,0.7080132645463998,1.5588678121566772,74.80992718563644,95.59095365920307,2860.9607638274956,0.0,0.8430545330047607,2.527679204940796,3.293811559677124,5.326586723327637,124426,88,1.2982391002237972,1.1357422776090726,1.0615992463647272,1.1178192100665745
east_asia,wind_truncnormal_snap_vae_lat16_concat_with_elev_no_static_wd,123,eval_aurora_lead72h,Aurora +72h,72,True,wind,tessera,nll,truncated_normal,wind,3,1.6700050800568287,1.7541706562042236,0.8610131740570068,1.209168791770935,1.6867655515670776,-0.0867890939116478,0.6745772120087324,1.5644923448562622,73.04823750663044,94.81057013807404,3058.2180894668318,0.0,0.8720316886901855,2.656327724456787,3.4617276191711426,5.601990699768066,124426,88,1.3411220963321253,1.1995723225858639,1.1165974835182275,1.16266778108967
east_asia,wind_truncnormal_snap_vae_lat16_concat_with_elev_no_static_wd,42,eval_era5,ERA5,0,True,wind,tessera,nll,truncated_normal,wind,3,1.6618755569831098,1.6737842559814453,0.8102498054504395,1.1474689245224,1.5879204273223877,-0.06561455875635147,0.7180834696271492,1.601723074913025,76.52098436018196,96.5360937424654,2984.188063587996,0.0,0.847143828868866,2.464775562286377,3.2022664546966553,5.245537757873535,124426,88,1.273447305403628,1.132199103659476,1.061282232964953,1.1070876738171618
east_asia,wind_truncnormal_snap_vae_lat16_concat_with_elev_no_static_wd,42,eval_aurora_lead6h,Aurora +6h,6,True,wind,tessera,nll,truncated_normal,wind,3,1.6618755569831098,1.6749426126480103,0.8101896643638611,1.1452569961547852,1.5891385078430176,-0.09059613943099976,0.7182907291469913,1.5934171676635742,76.3297060099979,96.4179512320576,3067.999164161831,0.0,0.8434004783630371,2.466446876525879,3.2037642002105713,5.290449142456055,124426,88,1.2718810271662948,1.1302452457200691,1.0579515574293843,1.1050080370778672
east_asia,wind_truncnormal_snap_vae_lat16_concat_with_elev_no_static_wd,42,eval_aurora_lead24h,Aurora +24h,24,True,wind,tessera,nll,truncated_normal,wind,3,1.6618755569831098,1.6889712810516357,0.820625901222229,1.159822940826416,1.6073880195617676,-0.08354213833808899,0.7098837432390303,1.5929605960845947,75.82739941812804,96.21702859530966,2950.500892096507,0.0,0.8538509011268616,2.503319263458252,3.2609386444091797,5.31246280670166,124426,88,1.2889206379819056,1.1407756883580489,1.0760624423772902,1.117310767162887
east_asia,wind_truncnormal_snap_vae_lat16_concat_with_elev_no_static_wd,42,eval_aurora_lead72h,Aurora +72h,72,True,wind,tessera,nll,truncated_normal,wind,3,1.6618755569831098,1.7376272678375244,0.8565987348556519,1.2079315185546875,1.6774240732192993,-0.07205906510353088,0.6773114200062031,1.5995573997497559,74.22644784852041,95.54514329802453,2824.730233230997,0.0,0.8836959600448608,2.623852014541626,3.416646957397461,5.580317497253418,124426,88,1.331758602131433,1.1974653278482348,1.1291908067393825,1.1575925870494397
east_asia,wind_truncnormal_snap_vae_lat16_concat_with_elev_no_static_wd,456,eval_era5,ERA5,0,True,wind,tessera,nll,truncated_normal,wind,3,1.6762386735531265,1.684389352798462,0.8225780129432678,1.1807951927185059,1.6006031036376953,0.16121645271778107,0.7154360251665847,1.6812242269515991,76.84246057897866,97.19994213428062,4983.520196743447,0.0,0.8987265825271606,2.515479564666748,3.215219259262085,5.064652919769287,124426,88,1.3453392097784707,1.1645949829707023,1.0662472467631814,1.1262294155677297
east_asia,wind_truncnormal_snap_vae_lat16_concat_with_elev_no_static_wd,456,eval_aurora_lead6h,Aurora +6h,6,True,wind,tessera,nll,truncated_normal,wind,3,1.6762386735531265,1.6831022500991821,0.820588231086731,1.176018238067627,1.5980415344238281,0.13139283657073975,0.7152347053002229,1.6717188358306885,76.81915355311591,97.0745664089499,4481.5714079051,0.0,0.8900970220565796,2.5103724002838135,3.211829662322998,5.094551086425781,124426,88,1.343076921458793,1.1580446835996112,1.0606281006467142,1.1212577400029136
east_asia,wind_truncnormal_snap_vae_lat16_concat_with_elev_no_static_wd,456,eval_aurora_lead24h,Aurora +24h,24,True,wind,tessera,nll,truncated_normal,wind,3,1.6762386735531265,1.6966700553894043,0.8318900465965271,1.1922807693481445,1.618646264076233,0.13723228871822357,0.7068226626256388,1.669152021408081,76.12315753942102,96.88489543985985,4243.9151302782375,0.0,0.9007014036178589,2.543735980987549,3.2665023803710938,5.147846221923828,124426,88,1.3632109841801072,1.1706791341443636,1.080407215214149,1.1332861831793812
east_asia,wind_truncnormal_snap_vae_lat16_concat_with_elev_no_static_wd,456,eval_aurora_lead72h,Aurora +72h,72,True,wind,tessera,nll,truncated_normal,wind,3,1.6762386735531265,1.7438220977783203,0.8705734014511108,1.2447067499160767,1.6949830055236816,0.14756181836128235,0.6742591887909056,1.6722424030303955,74.31806857087747,96.1752366868661,3986.4326105476343,0.0,0.9331890344619751,2.6774938106536865,3.4561002254486084,5.434140205383301,124426,88,1.4081189640064156,1.2350382322158449,1.1378544180122736,1.1770148295216714
