region,config,seed,eval_source,eval_label,lead_hours,present,target,variant,head,is_tessera,variable,checkpoint_epoch,best_val_loss,nll,crps,mae,rmse,bias,correlation,mean_pred_std,within_1sigma,within_2sigma,pit_chi2_stat,pit_chi2_pvalue,p50,p90,p95,p99,n_predictions,n_test_stations,seasonal_mae_DJF,seasonal_mae_MAM,seasonal_mae_JJA,seasonal_mae_SON
europe,t2m_xlead_snap_bilinear_baseline_wd,123,eval_lead0h,ERA5 (lead 0),0,True,t2m,baseline,gaussian,False,t2m,5,1.8767080681781245,1.7791967391967773,0.8550883531570435,1.1911381483078003,1.6902689933776855,-0.07572252303361893,0.9832686321748286,1.4560067653656006,69.05505050843146,94.16876979000006,19331.907284058885,0.0,0.8446382284164429,2.6459217071533203,3.49971604347229,5.588130950927734,1195048,898,1.217754492361566,1.1799472297196476,1.2364967462119727,1.1273077878254276
europe,t2m_xlead_snap_bilinear_baseline_wd,123,eval_lead6h,Lead +6h,6,True,t2m,baseline,gaussian,False,t2m,5,1.8767080681781245,1.8240432739257812,0.8863415718078613,1.237181305885315,1.7329074144363403,-0.107614666223526,0.9824781598292259,1.480648159980774,67.62715807231174,93.76635917553102,24820.205628560525,0.0,0.8947038650512695,2.724437713623047,3.564582586288452,5.63678503036499,1195048,898,1.2515593539243537,1.2230403884023457,1.2989253284313145,1.1740805036028343
europe,t2m_xlead_snap_bilinear_baseline_wd,123,eval_lead24h,Lead +24h,24,True,t2m,baseline,gaussian,False,t2m,5,1.8767080681781245,1.8562800884246826,0.9125595688819885,1.2720788717269897,1.777391791343689,0.0266458410769701,0.9814751024863599,1.5450069904327393,68.65757693414825,94.00074306638729,5561.041762339253,0.0,0.9206520915031433,2.8047308921813965,3.6617050170898438,5.7403717041015625,1195048,898,1.3063795357113066,1.2546133848276222,1.3303961041097425,1.1930864598911817
europe,t2m_xlead_snap_bilinear_baseline_wd,123,eval_lead72h,Lead +72h,72,True,t2m,baseline,gaussian,False,t2m,5,1.8767080681781245,2.0304815769195557,1.0592986345291138,1.477075219154358,2.0092694759368896,-0.01278006937354803,0.9761796390618955,1.7797900438308716,67.85560077921556,93.55958923825654,6435.492746734858,0.0,1.1095328330993652,3.2115683555603027,4.102182388305664,6.246410846710205,1195048,898,1.5469259078561182,1.444778591444575,1.5183590078526004,1.3897154670688219
europe,t2m_xlead_snap_bilinear_baseline_wd,42,eval_lead0h,ERA5 (lead 0),0,True,t2m,baseline,gaussian,False,t2m,6,1.881838559206218,1.7764781713485718,0.8550045490264893,1.1935832500457764,1.6848368644714355,-0.14075495302677155,0.9833909748469545,1.4805288314819336,69.03019795020786,94.35277913523139,33348.03418440096,0.0,0.8528391718864441,2.6418709754943848,3.4722394943237305,5.535056114196777,1195048,898,1.216443128431123,1.1805046947746998,1.2444119936308573,1.1305499022569396
europe,t2m_xlead_snap_bilinear_baseline_wd,42,eval_lead6h,Lead +6h,6,True,t2m,baseline,gaussian,False,t2m,6,1.881838559206218,1.8271571397781372,0.8898573517799377,1.2451457977294922,1.7311960458755493,-0.19701839983463287,0.9825876051131743,1.5033419132232666,67.21571016394321,93.814056004445,47873.90465989651,0.0,0.9115918874740601,2.727886199951172,3.541330337524414,5.577193737030029,1195048,898,1.2542535252982001,1.2265949009044945,1.3161373840382684,1.1834157305823156
europe,t2m_xlead_snap_bilinear_baseline_wd,42,eval_lead24h,Lead +24h,24,True,t2m,baseline,gaussian,False,t2m,6,1.881838559206218,1.859647512435913,0.9165212512016296,1.2817925214767456,1.7736291885375977,-0.13488532602787018,0.9815900425856682,1.5648475885391235,67.92815016635315,94.09086496944056,25726.550126856826,0.0,0.942702054977417,2.8031697273254395,3.625621795654297,5.6580352783203125,1195048,898,1.3121305767796272,1.2501663444214377,1.3594934548444384,1.2026564900989376
europe,t2m_xlead_snap_bilinear_baseline_wd,42,eval_lead72h,Lead +72h,72,True,t2m,baseline,gaussian,False,t2m,6,1.881838559206218,2.0492544174194336,1.080542802810669,1.5140483379364014,2.0352284908294678,-0.31242087483406067,0.976111445053482,1.7887821197509766,66.07132098459644,93.38478454421914,57471.714287626935,0.0,1.1600908041000366,3.2500829696655273,4.121850967407227,6.223466396331787,1195048,898,1.5862188415646874,1.435716768969737,1.5996491496424914,1.4274398692300605
europe,t2m_xlead_snap_bilinear_baseline_wd,456,eval_lead0h,ERA5 (lead 0),0,True,t2m,baseline,gaussian,False,t2m,6,1.8735088540266638,1.7676881551742554,0.8530190587043762,1.1906609535217285,1.6851811408996582,-0.2333795428276062,0.983598550055107,1.5280870199203491,71.04082848555036,95.2160080599273,46191.80773994015,0.0,0.8448476791381836,2.6482129096984863,3.4780545234680176,5.569218635559082,1195048,898,1.2045365632513751,1.1803610987968856,1.2529260735434247,1.1236640701569935
europe,t2m_xlead_snap_bilinear_baseline_wd,456,eval_lead6h,Lead +6h,6,True,t2m,baseline,gaussian,False,t2m,6,1.8735088540266638,1.8137660026550293,0.8868747353553772,1.2418099641799927,1.732193946838379,-0.28093329071998596,0.9828189267985172,1.5515803098678589,69.32165067846647,94.83393135673211,55983.31673372115,0.0,0.9019660949707031,2.7357351779937744,3.5536465644836426,5.600118637084961,1195048,898,1.241898647885104,1.2260997424251523,1.326193942704022,1.1741512988421319
europe,t2m_xlead_snap_bilinear_baseline_wd,456,eval_lead24h,Lead +24h,24,True,t2m,baseline,gaussian,False,t2m,6,1.8735088540266638,1.8487696647644043,0.9115192294120789,1.2745238542556763,1.7683478593826294,-0.1878156214952469,0.9818140900971452,1.6146434545516968,70.09551080793408,94.99685368286463,28111.61860946171,0.0,0.9318673610687256,2.799553871154785,3.6229891777038574,5.659594535827637,1195048,898,1.2941036182092043,1.246422364383479,1.3639806903209393,1.1923618605523596
europe,t2m_xlead_snap_bilinear_baseline_wd,456,eval_lead72h,Lead +72h,72,True,t2m,baseline,gaussian,False,t2m,6,1.8735088540266638,2.033512830734253,1.0694688558578491,1.4973340034484863,2.020282030105591,-0.31109288334846497,0.9764624183594132,1.8527590036392212,68.61264150059245,94.44231528775413,45045.76707881189,0.0,1.1399428844451904,3.2277987003326416,4.107093811035156,6.214126110076904,1195048,898,1.5643648843017515,1.42823876451512,1.5828926524093698,1.4071231770417034
europe,wind_truncnormal_xlead_snap_bilinear_baseline_wd,123,eval_lead0h,ERA5 (lead 0),0,True,wind,baseline,truncated_normal,False,wind,2,1.7907173634391942,1.7566606998443604,0.924243152141571,1.2893236875534058,1.9043147563934326,-0.24435485899448395,0.7326862224945704,2.1590216159820557,79.64641311767454,96.6603257586894,17718.553634038886,0.0,0.8783055543899536,2.791255235671997,3.858978271484375,7.31111478805542,687073,550,1.4360293513798312,1.2747489312696105,1.1587866347004139,1.2471462026198739
europe,wind_truncnormal_xlead_snap_bilinear_baseline_wd,123,eval_lead6h,Lead +6h,6,True,wind,baseline,truncated_normal,False,wind,2,1.7907173634391942,1.754818081855774,0.9228489995002747,1.2873996496200562,1.902116060256958,-0.26899388432502747,0.7348786239762173,2.166965961456299,79.93168120418063,96.734844769042,21060.61586032343,0.0,0.8740663528442383,2.796761989593506,3.865328073501587,7.313552379608154,687073,550,1.434457165380959,1.2712308535383399,1.1517844863697768,1.24112945680831
europe,wind_truncnormal_xlead_snap_bilinear_baseline_wd,123,eval_lead24h,Lead +24h,24,True,wind,baseline,truncated_normal,False,wind,2,1.7907173634391942,1.7620409727096558,0.934026837348938,1.2972142696380615,1.9108386039733887,-0.2524525821208954,0.7306136018662169,2.213833808898926,80.44443603518113,96.90644225577195,20089.920985106386,0.0,0.8828978538513184,2.8210506439208984,3.8847460746765137,7.30715799331665,687073,550,1.4482179139851292,1.282039247069741,1.1618755295991956,1.2504439388146849
europe,wind_truncnormal_xlead_snap_bilinear_baseline_wd,123,eval_lead72h,Lead +72h,72,True,wind,baseline,truncated_normal,False,wind,2,1.7907173634391942,1.822959303855896,0.9835734367370605,1.3706659078598022,2.007209539413452,-0.22519220411777496,0.6925307754318661,2.36350679397583,80.8656430976039,96.7870954032541,18153.12728196276,0.0,0.9346296787261963,2.9943485260009766,4.109767436981201,7.567347049713135,687073,550,1.5473328386192442,1.354948536034683,1.2121384571627751,1.328146076108099
europe,wind_truncnormal_xlead_snap_bilinear_baseline_wd,42,eval_lead0h,ERA5 (lead 0),0,True,wind,baseline,truncated_normal,False,wind,2,1.7986080788586238,1.7614874839782715,0.9359908103942871,1.2939980030059814,1.9119254350662231,-0.26085856556892395,0.729344662034414,2.0893819332122803,78.48685656400411,96.33226745920739,19538.71463585383,0.0,0.8803279399871826,2.806602716445923,3.8710813522338867,7.329343795776367,687073,550,1.4377814305650054,1.2695590206807004,1.1564326803295697,1.2465504136871672
europe,wind_truncnormal_xlead_snap_bilinear_baseline_wd,42,eval_lead6h,Lead +6h,6,True,wind,baseline,truncated_normal,False,wind,2,1.7986080788586238,1.7593580484390259,0.9261385798454285,1.2918832302093506,1.9096782207489014,-0.290433794260025,0.7318211685415126,2.093625545501709,78.73384633073923,96.40649537967582,23895.455360638538,0.0,0.8737354278564453,2.8056421279907227,3.8828554153442383,7.348785877227783,687073,550,1.4357401657738886,1.2641737321214432,1.1482762960277568,1.2406428571704577
europe,wind_truncnormal_xlead_snap_bilinear_baseline_wd,42,eval_lead24h,Lead +24h,24,True,wind,baseline,truncated_normal,False,wind,2,1.7986080788586238,1.765513300895691,0.9495235681533813,1.301443099975586,1.9180502891540527,-0.2733614444732666,0.7277661555832464,2.13529896736145,79.25227741448143,96.60414541104075,21753.362657243117,0.0,0.8839383125305176,2.83073091506958,3.8968145847320557,7.328165054321289,687073,550,1.448529968384616,1.27490062763141,1.1585028988733521,1.2489956350778042
europe,wind_truncnormal_xlead_snap_bilinear_baseline_wd,42,eval_lead72h,Lead +72h,72,True,wind,baseline,truncated_normal,False,wind,2,1.7986080788586238,1.8247662782669067,0.9850949048995972,1.373639464378357,2.0123443603515625,-0.24366265535354614,0.6910164296264097,2.2826313972473145,79.83896907606616,96.55276804648123,18743.194567389488,0.0,0.9336644411087036,3.004955291748047,4.124145984649658,7.6010541915893555,687073,550,1.5454149856334274,1.347261224320763,1.2064335688821042,1.325141083797959
europe,wind_truncnormal_xlead_snap_bilinear_baseline_wd,456,eval_lead0h,ERA5 (lead 0),0,True,wind,baseline,truncated_normal,False,wind,2,1.7987820373006063,1.7631136178970337,0.924857497215271,1.2840385437011719,1.8925553560256958,-0.18536490201950073,0.7326664760970072,2.037184476852417,77.63585528757497,95.96855064891213,11361.424770002604,0.0,0.8849363327026367,2.7763330936431885,3.800414562225342,7.141727924346924,687073,550,1.4330483069168802,1.2692411562299062,1.158653221221274,1.246914268821821
europe,wind_truncnormal_xlead_snap_bilinear_baseline_wd,456,eval_lead6h,Lead +6h,6,True,wind,baseline,truncated_normal,False,wind,2,1.7987820373006063,1.7601959705352783,0.9269758462905884,1.280657410621643,1.8894522190093994,-0.2136794924736023,0.7349265259296727,2.0428168773651123,77.93000161554886,96.04219638961217,14078.821262078409,0.0,0.8775808811187744,2.7771384716033936,3.800995111465454,7.16264009475708,687073,550,1.430440881335755,1.2638984019180266,1.1495834516382042,1.2396728882425394
europe,wind_truncnormal_xlead_snap_bilinear_baseline_wd,456,eval_lead24h,Lead +24h,24,True,wind,baseline,truncated_normal,False,wind,2,1.7987820373006063,1.7669010162353516,0.9255227446556091,1.2915366888046265,1.898879885673523,-0.19754524528980255,0.7308359314867364,2.0802457332611084,78.36881961596511,96.22441865711504,12772.837414656085,0.0,0.8882761001586914,2.8025059700012207,3.8290789127349854,7.151174068450928,687073,550,1.443752521107159,1.2751214811034925,1.1609146218706452,1.2505630786743072
europe,wind_truncnormal_xlead_snap_bilinear_baseline_wd,456,eval_lead72h,Lead +72h,72,True,wind,baseline,truncated_normal,False,wind,2,1.7987820373006063,1.8269108533859253,0.9791985154151917,1.3656628131866455,1.995222806930542,-0.17053553462028503,0.6945905079793773,2.2170321941375732,78.59237664702296,96.1187530291541,11631.701814799882,0.0,0.939429521560669,2.9818918704986572,4.05856990814209,7.425375938415527,687073,550,1.5432682828746929,1.348133570756211,1.2102321053090104,1.3307848494228607
east_asia,t2m_xlead_snap_bilinear_baseline_wd,123,eval_lead0h,ERA5 (lead 0),0,True,t2m,baseline,gaussian,False,t2m,2,2.0247932435715037,2.020794153213501,0.9441999793052673,1.2939269542694092,1.8125898838043213,-0.05730189010500908,0.984855348075925,1.6670897006988525,70.8189167275442,94.44154551365932,1824.241420279849,0.0,0.9830358028411865,2.69577693939209,3.431781768798828,5.9956231117248535,124567,88,1.3306523689638767,1.3225349582226145,1.229600966352782,1.2877231544603782
east_asia,t2m_xlead_snap_bilinear_baseline_wd,123,eval_lead6h,Lead +6h,6,True,t2m,baseline,gaussian,False,t2m,2,2.0247932435715037,2.040700912475586,0.9705038666725159,1.335059404373169,1.849279522895813,-0.13465707004070282,0.9843032998275373,1.6870436668395996,69.49994781924586,94.22720303130042,2669.072555331669,0.0,1.0257911682128906,2.784156084060669,3.5135645866394043,5.998784065246582,124567,88,1.3625178890680822,1.3623502214929986,1.2786034027751227,1.332820451242884
east_asia,t2m_xlead_snap_bilinear_baseline_wd,123,eval_lead24h,Lead +24h,24,True,t2m,baseline,gaussian,False,t2m,2,2.0247932435715037,2.082444429397583,1.0182608366012573,1.4027619361877441,1.9243730306625366,-0.18116284906864166,0.9830535155601757,1.7523112297058105,68.75416442557018,93.90368235568008,3339.554785777935,0.0,1.0831265449523926,2.927873134613037,3.706387996673584,6.103761196136475,124567,88,1.4255756097363599,1.4198112353848755,1.352543832882551,1.4099727781852156
east_asia,t2m_xlead_snap_bilinear_baseline_wd,123,eval_lead72h,Lead +72h,72,True,t2m,baseline,gaussian,False,t2m,2,2.0247932435715037,2.1830036640167236,1.1426693201065063,1.577121615409851,2.1305835247039795,-0.3197394609451294,0.9794723570510397,1.9566515684127808,67.73623832957364,93.4934613501168,5487.53137668885,0.0,1.2274665832519531,3.305325984954834,4.173924922943115,6.5761494636535645,124567,88,1.5983262035837646,1.6048865106806143,1.5291239138720576,1.5729997105627214
east_asia,t2m_xlead_snap_bilinear_baseline_wd,42,eval_lead0h,ERA5 (lead 0),0,True,t2m,baseline,gaussian,False,t2m,3,2.0320404407912736,2.0321171283721924,0.966240644454956,1.3444409370422363,1.8326363563537598,-0.19491267204284668,0.9847072072462892,1.466899037361145,62.83526134530012,91.83331058787641,6110.476137339744,0.0,1.0473518371582031,2.7929184436798096,3.513333320617676,5.692689895629883,124567,88,1.3909015747202886,1.3643514924499953,1.2556674564518904,1.3606423200475508
east_asia,t2m_xlead_snap_bilinear_baseline_wd,42,eval_lead6h,Lead +6h,6,True,t2m,baseline,gaussian,False,t2m,3,2.0320404407912736,2.0610053539276123,0.9951807856559753,1.3857421875,1.8718650341033936,-0.26053985953330994,0.9841517677787716,1.4857070446014404,61.54920645114677,91.28822240240191,9408.622355840631,0.0,1.0913200378417969,2.8792226314544678,3.597792625427246,5.712392807006836,124567,88,1.4238254298627961,1.4061560407742537,1.3007077028482663,1.4071986165518395
east_asia,t2m_xlead_snap_bilinear_baseline_wd,42,eval_lead24h,Lead +24h,24,True,t2m,baseline,gaussian,False,t2m,3,2.0320404407912736,2.1024978160858154,1.0414878129959106,1.4523836374282837,1.9443700313568115,-0.2885309159755707,0.9829298598337189,1.5467497110366821,60.960768100700825,91.10679393418802,10622.076962598441,0.0,1.1554698944091797,3.008805751800537,3.7588491439819336,5.830300807952881,124567,88,1.4795182201913277,1.463239249260997,1.3732799288047977,1.4900754414375261
east_asia,t2m_xlead_snap_bilinear_baseline_wd,42,eval_lead72h,Lead +72h,72,True,t2m,baseline,gaussian,False,t2m,3,2.0320404407912736,2.2002511024475098,1.1614283323287964,1.6212999820709229,2.1442923545837402,-0.41764336824417114,0.9795515360937367,1.7404764890670776,60.891728949079614,90.86274856101537,13514.58701742837,0.0,1.3000545501708984,3.3655078411102295,4.199242115020752,6.305845737457275,124567,88,1.645295789291937,1.6376270125374757,1.5441798259357362,1.6549856665599758
east_asia,t2m_xlead_snap_bilinear_baseline_wd,456,eval_lead0h,ERA5 (lead 0),0,True,t2m,baseline,gaussian,False,t2m,4,2.0601805880461654,2.066511631011963,0.988895833492279,1.3720391988754272,1.8782232999801636,-0.17725902795791626,0.9838786822288842,1.4363813400268555,61.26983872133069,90.4228246646383,5688.411385037771,0.0,1.0467102527618408,2.9455153942108154,3.7810850143432617,5.702356815338135,124567,88,1.3584229282300164,1.392157071935087,1.3208647938991374,1.4185365996799026
east_asia,t2m_xlead_snap_bilinear_baseline_wd,456,eval_lead6h,Lead +6h,6,True,t2m,baseline,gaussian,False,t2m,4,2.0601805880461654,2.0869905948638916,1.0146151781082153,1.4094822406768799,1.9163343906402588,-0.2372119426727295,0.9833058971273343,1.4587085247039795,60.480705162683535,90.11375404400845,7892.774338307898,0.0,1.0809450149536133,3.0226831436157227,3.867185115814209,5.7291436195373535,124567,88,1.3860640861085243,1.4243056834034695,1.363771472618844,1.4670315878660056
east_asia,t2m_xlead_snap_bilinear_baseline_wd,456,eval_lead24h,Lead +24h,24,True,t2m,baseline,gaussian,False,t2m,4,2.0601805880461654,2.1245439052581787,1.0599278211593628,1.473865270614624,1.9928877353668213,-0.26630228757858276,0.9819765945244442,1.5289393663406372,60.53529425931426,90.06558719404015,8713.09962510135,0.0,1.1331443786621094,3.1565372943878174,4.024188995361328,5.926153659820557,124567,88,1.4427541148971308,1.4772989378964543,1.4336972640568877,1.5462031342952498
east_asia,t2m_xlead_snap_bilinear_baseline_wd,456,eval_lead72h,Lead +72h,72,True,t2m,baseline,gaussian,False,t2m,4,2.0601805880461654,2.213648557662964,1.1770808696746826,1.6405891180038452,2.19290828704834,-0.39314937591552734,0.9784608783208207,1.7457644939422607,61.05148233480777,90.56170574871354,10319.279592508448,0.0,1.280599594116211,3.5106327533721924,4.422317028045654,6.461276054382324,124567,88,1.5793641808967371,1.655821354109339,1.6075322454555374,1.7280010985844205
east_asia,wind_truncnormal_xlead_snap_bilinear_baseline_wd,123,eval_lead0h,ERA5 (lead 0),0,True,wind,baseline,truncated_normal,False,wind,1,1.7998230952922611,1.800236463546753,0.8963481783866882,1.2444403171539307,1.719025731086731,-0.11795157194137573,0.6581172946305579,1.8006484508514404,78.68291193158986,96.51841255043159,3462.864385257101,0.0,0.9163057208061218,2.71419358253479,3.5099551677703857,5.648349285125732,124426,88,1.3777247911805952,1.2458336139062056,1.1419175431949637,1.2142656883142648
east_asia,wind_truncnormal_xlead_snap_bilinear_baseline_wd,123,eval_lead6h,Lead +6h,6,True,wind,baseline,truncated_normal,False,wind,1,1.7998230952922611,1.8024957180023193,0.892551600933075,1.244946837425232,1.7213152647018433,-0.13515818119049072,0.6575860074044672,1.7958132028579712,78.52538858437947,96.40750325494672,3649.8076286306723,0.0,0.9153968691825867,2.7215535640716553,3.529384136199951,5.665043830871582,124426,88,1.378962051064919,1.2455740119787277,1.1414975500096527,1.2119415121237187
east_asia,wind_truncnormal_xlead_snap_bilinear_baseline_wd,123,eval_lead24h,Lead +24h,24,True,wind,baseline,truncated_normal,False,wind,1,1.7998230952922611,1.810936450958252,0.8954517245292664,1.255265235900879,1.7340188026428223,-0.1306179016828537,0.6510636486402841,1.7961058616638184,78.11631009596066,96.30945300821372,3509.790911867294,0.0,0.9225547313690186,2.7457540035247803,3.552628517150879,5.685633659362793,124426,88,1.3922535547833879,1.2530363528994541,1.1518587957263313,1.2196750447102236
east_asia,wind_truncnormal_xlead_snap_bilinear_baseline_wd,123,eval_lead72h,Lead +72h,72,True,wind,baseline,truncated_normal,False,wind,1,1.7998230952922611,1.842384934425354,0.9230057001113892,1.2933034896850586,1.7888332605361938,-0.10330338776111603,0.6227091865332747,1.801290512084961,77.02489833314581,95.86179737353929,3091.202031729703,0.0,0.9442139863967896,2.8304805755615234,3.6787993907928467,5.87056827545166,124426,88,1.4283255982047336,1.299066587785342,1.1939662780490208,1.2493419648551884
east_asia,wind_truncnormal_xlead_snap_bilinear_baseline_wd,42,eval_lead0h,ERA5 (lead 0),0,True,wind,baseline,truncated_normal,False,wind,1,1.8178027153015137,1.8225115537643433,0.9073688387870789,1.2587476968765259,1.7393759489059448,-0.09840935468673706,0.6474285945912642,1.811608076095581,78.47636346101298,96.31748991368364,3513.1040457782133,0.0,0.9260441064834595,2.742208480834961,3.5585711002349854,5.7211809158325195,124426,88,1.3863361582441316,1.2669667907460849,1.1600142734726442,1.2272017761002842
east_asia,wind_truncnormal_xlead_snap_bilinear_baseline_wd,42,eval_lead6h,Lead +6h,6,True,wind,baseline,truncated_normal,False,wind,1,1.8178027153015137,1.8240721225738525,0.9036932587623596,1.2584724426269531,1.7409950494766235,-0.11510615050792694,0.6470296271890229,1.8064165115356445,78.43135679038143,96.22265442913861,3640.7276935688683,0.0,0.9245962500572205,2.740447998046875,3.5821924209594727,5.726096153259277,124426,88,1.3875003284163179,1.2658091380693008,1.1582092092859724,1.224218557995011
east_asia,wind_truncnormal_xlead_snap_bilinear_baseline_wd,42,eval_lead24h,Lead +24h,24,True,wind,baseline,truncated_normal,False,wind,1,1.8178027153015137,1.8296492099761963,0.9050559997558594,1.2667635679244995,1.7515649795532227,-0.10641742497682571,0.6415349560277792,1.8080623149871826,78.08416247408097,96.1246041824056,3501.9854692749104,0.0,0.9285269379615784,2.7707996368408203,3.6016149520874023,5.754387378692627,124426,88,1.4019757049880197,1.2710098238315906,1.1644028366021433,1.2308454429180298
east_asia,wind_truncnormal_xlead_snap_bilinear_baseline_wd,42,eval_lead72h,Lead +72h,72,True,wind,baseline,truncated_normal,False,wind,1,1.8178027153015137,1.853837251663208,0.9289072751998901,1.299492359161377,1.7988835573196411,-0.07262727618217468,0.6167412238531096,1.8167684078216553,77.36968157780528,95.8312571327536,3328.99332936846,0.0,0.9487202763557434,2.84000301361084,3.682194709777832,5.9246506690979,124426,88,1.439267349533275,1.3116209991343493,1.1955672860537172,1.2585025346631449
east_asia,wind_truncnormal_xlead_snap_bilinear_baseline_wd,456,eval_lead0h,ERA5 (lead 0),0,True,wind,baseline,truncated_normal,False,wind,1,1.8022485996762367,1.7979652881622314,0.8988749980926514,1.241057276725769,1.716870903968811,-0.1477935016155243,0.6604246287907514,1.7570487260818481,78.11309533377269,96.1246041824056,4251.499075755871,0.0,0.9091770648956299,2.7115256786346436,3.5449013710021973,5.6774396896362305,124426,88,1.3665558082322455,1.2523689104702058,1.1455036563254954,1.2043156815156257
east_asia,wind_truncnormal_xlead_snap_bilinear_baseline_wd,456,eval_lead6h,Lead +6h,6,True,wind,baseline,truncated_normal,False,wind,1,1.8022485996762367,1.801243782043457,0.8877953886985779,1.2423036098480225,1.720375418663025,-0.16505230963230133,0.6595051403814993,1.7519283294677734,78.00941925321074,95.9783325028531,4476.79989712761,0.0,0.9086209535598755,2.719101905822754,3.5533409118652344,5.701040267944336,124426,88,1.367955293532318,1.2535366326874626,1.1454161686884146,1.2033435405326913
east_asia,wind_truncnormal_xlead_snap_bilinear_baseline_wd,456,eval_lead24h,Lead +24h,24,True,wind,baseline,truncated_normal,False,wind,1,1.8022485996762367,1.8083999156951904,0.8981742858886719,1.2514607906341553,1.7311855554580688,-0.1555957943201065,0.653467108113721,1.7540066242218018,77.70723160754183,95.90358928198287,4365.929982479546,0.0,0.9143445491790771,2.7387733459472656,3.5709269046783447,5.732420921325684,124426,88,1.3799838687519057,1.2598469588605736,1.1567096989033854,1.210593261182364
east_asia,wind_truncnormal_xlead_snap_bilinear_baseline_wd,456,eval_lead72h,Lead +72h,72,True,wind,baseline,truncated_normal,False,wind,1,1.8022485996762367,1.8387846946716309,0.9294799566268921,1.288221001625061,1.7831181287765503,-0.12659303843975067,0.6252516237976328,1.7597994804382324,76.64636008551268,95.46236317168437,4080.46552971244,0.0,0.9382619857788086,2.8175928592681885,3.6709656715393066,5.906601905822754,124426,88,1.4138660520236048,1.3025184539356198,1.1967889467769681,1.244544112437643
europe,t2m_xlead_snap_vae_lat16_concat_with_elev_no_static_wd,123,eval_lead0h,ERA5 (lead 0),0,True,t2m,concat,gaussian,True,t2m,20,1.8573092006657221,1.7074451446533203,0.8015995025634766,1.114370346069336,1.5946584939956665,-0.005495199467986822,0.9850165667071068,1.4255958795547485,71.21278810558238,94.93777655792906,9656.736177961053,0.0,0.7782220840454102,2.499816417694092,3.291668176651001,5.290841579437256,1195048,898,1.1221787868725954,1.1071836132645267,1.1661028912592004,1.061536309735671
europe,t2m_xlead_snap_vae_lat16_concat_with_elev_no_static_wd,123,eval_lead6h,Lead +6h,6,True,t2m,concat,gaussian,True,t2m,20,1.8573092006657221,1.7477540969848633,0.8278299570083618,1.1543525457382202,1.631352186203003,-0.06452976912260056,0.984349219965396,1.4410237073898315,69.70950120831967,94.58942234956253,10007.67731170631,0.0,0.8232507705688477,2.564669132232666,3.3514111042022705,5.32473611831665,1195048,898,1.1579117474580771,1.142022662476144,1.2160917327663674,1.101726447895545
europe,t2m_xlead_snap_vae_lat16_concat_with_elev_no_static_wd,123,eval_lead24h,Lead +24h,24,True,t2m,concat,gaussian,True,t2m,20,1.8573092006657221,1.7946622371673584,0.8602688312530518,1.1987558603286743,1.6804113388061523,-0.011626914143562317,0.9833667196524599,1.5163075923919678,70.25115309175865,94.73611101813484,7029.119831169961,0.0,0.865283727645874,2.6456847190856934,3.436187744140625,5.435131072998047,1195048,898,1.2166408080243483,1.1811608012224997,1.261279505056829,1.1344375068008257
europe,t2m_xlead_snap_vae_lat16_concat_with_elev_no_static_wd,123,eval_lead72h,Lead +72h,72,True,t2m,concat,gaussian,True,t2m,20,1.8573092006657221,1.9784115552902222,1.0099056959152222,1.4088490009307861,1.921676516532898,-0.09477347135543823,0.9782385963939143,1.767884373664856,69.56247782515848,94.41394822634739,11192.129668431726,0.0,1.058272361755371,3.0548856258392334,3.8990414142608643,5.992455959320068,1195048,898,1.4758777808405221,1.3677630727133854,1.4484401484744878,1.3354293331474294
europe,t2m_xlead_snap_vae_lat16_concat_with_elev_no_static_wd,42,eval_lead0h,ERA5 (lead 0),0,True,t2m,concat,gaussian,True,t2m,19,1.8438290308599603,1.7057733535766602,0.8001326322555542,1.1119649410247803,1.5912833213806152,0.003511478891596198,0.9850905291668564,1.4694476127624512,72.99129407354349,95.62285364269887,19346.603714662502,0.0,0.7762815952301025,2.4960289001464844,3.295170783996582,5.290483474731445,1195048,898,1.1285845680254372,1.1058645134822336,1.153096601568279,1.05848672706985
europe,t2m_xlead_snap_vae_lat16_concat_with_elev_no_static_wd,42,eval_lead6h,Lead +6h,6,True,t2m,concat,gaussian,True,t2m,19,1.8438290308599603,1.7402007579803467,0.823978066444397,1.1495741605758667,1.6246697902679443,-0.05806126073002815,0.9844630368172262,1.4838355779647827,71.54700062256913,95.38805135860652,17149.413877936284,0.0,0.8193224668502808,2.552859306335449,3.337745428085327,5.323555946350098,1195048,898,1.1629044372398334,1.1388933160566381,1.198533245427468,1.0967922943253061
europe,t2m_xlead_snap_vae_lat16_concat_with_elev_no_static_wd,42,eval_lead24h,Lead +24h,24,True,t2m,concat,gaussian,True,t2m,19,1.8438290308599603,1.7880810499191284,0.8574075102806091,1.1962224245071411,1.6745561361312866,-0.021523011848330498,0.9834666102061739,1.5541990995407104,71.67193284286489,95.44545491059773,13901.84872574156,0.0,0.8651044368743896,2.6362833976745605,3.42997145652771,5.417553901672363,1195048,898,1.2226067490158417,1.179020793652586,1.24812686094858,1.1323465886259532
europe,t2m_xlead_snap_vae_lat16_concat_with_elev_no_static_wd,42,eval_lead72h,Lead +72h,72,True,t2m,concat,gaussian,True,t2m,19,1.8438290308599603,1.9748374223709106,1.011010766029358,1.4131996631622314,1.923408031463623,-0.15189985930919647,0.9782669908589637,1.8084478378295898,70.50704239494982,95.06337820740255,22060.198064010816,0.0,1.0641183853149414,3.062694549560547,3.906348705291748,5.9940996170043945,1195048,898,1.4926507742208641,1.3694282147270975,1.4425813414665107,1.3385107793401312
europe,t2m_xlead_snap_vae_lat16_concat_with_elev_no_static_wd,456,eval_lead0h,ERA5 (lead 0),0,True,t2m,concat,gaussian,True,t2m,19,1.8390803061935999,1.7030391693115234,0.8002645373344421,1.113957405090332,1.593306541442871,-0.04191827401518822,0.9850534159889179,1.4327934980392456,71.6251564790703,95.17893841920994,12948.910684759107,0.0,0.7778832316398621,2.498103141784668,3.295698404312134,5.294741153717041,1195048,898,1.1300516557088716,1.106309788161026,1.1587405283137318,1.0590468055259903
europe,t2m_xlead_snap_vae_lat16_concat_with_elev_no_static_wd,456,eval_lead6h,Lead +6h,6,True,t2m,concat,gaussian,True,t2m,19,1.8390803061935999,1.7437437772750854,0.8276121020317078,1.1556447744369507,1.6316874027252197,-0.09885724633932114,0.9843768445396543,1.4485830068588257,69.9876490316707,94.82246738206331,14286.609287660413,0.0,0.8249216079711914,2.5642666816711426,3.351901054382324,5.334613800048828,1195048,898,1.1671308811521441,1.140574772019212,1.2120217330364782,1.10212146404472
europe,t2m_xlead_snap_vae_lat16_concat_with_elev_no_static_wd,456,eval_lead24h,Lead +24h,24,True,t2m,concat,gaussian,True,t2m,19,1.8390803061935999,1.7908705472946167,0.8608376383781433,1.2019474506378174,1.682207465171814,-0.05450831726193428,0.9833459908124379,1.5220656394958496,70.38269592518459,94.94338302729263,9366.453812733882,0.0,0.8695608377456665,2.6457571983337402,3.4444804191589355,5.448485851287842,1195048,898,1.2281639186689162,1.1803810716306207,1.261321307620696,1.1353420226953583
europe,t2m_xlead_snap_vae_lat16_concat_with_elev_no_static_wd,456,eval_lead72h,Lead +72h,72,True,t2m,concat,gaussian,True,t2m,19,1.8390803061935999,1.98412024974823,1.0190693140029907,1.4244502782821655,1.9393366575241089,-0.17094793915748596,0.9779621756618732,1.7736726999282837,69.15236877514543,94.41361351175853,20530.19925224761,0.0,1.0725693702697754,3.0845861434936523,3.9370675086975098,6.045290946960449,1195048,898,1.4989928989357446,1.3682261917302205,1.4749004073332466,1.3472666955319546
europe,wind_truncnormal_xlead_snap_vae_lat16_concat_with_elev_no_static_wd,123,eval_lead0h,ERA5 (lead 0),0,True,wind,concat,truncated_normal,True,wind,5,1.7219955494142558,1.686889886856079,0.8537773489952087,1.1958341598510742,1.7480878829956055,0.08834999054670334,0.7764906973982348,1.802927017211914,76.58341981128642,96.31421988638762,4585.218922880101,0.0,0.845611572265625,2.5901660919189453,3.470013380050659,6.128210544586182,687073,550,1.3434740054691505,1.1966372887782222,1.103738652207704,1.1684436738772574
europe,wind_truncnormal_xlead_snap_vae_lat16_concat_with_elev_no_static_wd,123,eval_lead6h,Lead +6h,6,True,wind,concat,truncated_normal,True,wind,5,1.7219955494142558,1.6758226156234741,0.8432409763336182,1.179705023765564,1.7291369438171387,0.034691039472818375,0.7809680220505151,1.797286868095398,77.0707042774203,96.38611908778252,3424.188493799057,0.0,0.8298909664154053,2.5599629878997803,3.4363884925842285,6.103804588317871,687073,550,1.3315120634239266,1.1785545903035737,1.0746252332671136,1.1496118153314585
europe,wind_truncnormal_xlead_snap_vae_lat16_concat_with_elev_no_static_wd,123,eval_lead24h,Lead +24h,24,True,wind,concat,truncated_normal,True,wind,5,1.7219955494142558,1.6862221956253052,0.856619119644165,1.1932026147842407,1.7444130182266235,0.03963352367281914,0.7766073639582353,1.8356459140777588,77.54561742347612,96.53035412539862,3806.2515642442654,0.0,0.8416374921798706,2.5937860012054443,3.4694724082946777,6.163655757904053,687073,550,1.346606970586162,1.1932260012446934,1.0891479856298396,1.162685483366868
europe,wind_truncnormal_xlead_snap_vae_lat16_concat_with_elev_no_static_wd,123,eval_lead72h,Lead +72h,72,True,wind,concat,truncated_normal,True,wind,5,1.7219955494142558,1.7587603330612183,0.9219894409179688,1.2847936153411865,1.869470477104187,0.0568741150200367,0.7390861487357007,1.9808120727539062,77.78285567909087,96.39980031233945,4281.883178352227,0.0,0.9047353267669678,2.80240797996521,3.748746633529663,6.58807373046875,687073,550,1.468358962583993,1.2865739417326785,1.1512608277660494,1.2580745664379118
europe,wind_truncnormal_xlead_snap_vae_lat16_concat_with_elev_no_static_wd,42,eval_lead0h,ERA5 (lead 0),0,True,wind,concat,truncated_normal,True,wind,5,1.7212273213961353,1.6895191669464111,0.8496102094650269,1.1870884895324707,1.7256574630737305,-0.08453625440597534,0.7820345578775451,1.847257137298584,77.31740295427123,96.2169958650682,8158.595900290071,0.0,0.8321992754936218,2.591364860534668,3.483778238296509,6.104893207550049,687073,550,1.3258503258470624,1.1799974732563547,1.0839957314675697,1.1502091479251229
europe,wind_truncnormal_xlead_snap_vae_lat16_concat_with_elev_no_static_wd,42,eval_lead6h,Lead +6h,6,True,wind,concat,truncated_normal,True,wind,5,1.7212273213961353,1.6829746961593628,0.8552871942520142,1.1774051189422607,1.7137192487716675,-0.1348491758108139,0.7861258302551318,1.8412432670593262,77.5402322606186,96.26095043758087,12597.859297338127,0.0,0.8212581872940063,2.574186086654663,3.468506336212158,6.1061787605285645,687073,550,1.3185771498504448,1.1674012446913486,1.0628308702041829,1.1369703814507721
europe,wind_truncnormal_xlead_snap_vae_lat16_concat_with_elev_no_static_wd,42,eval_lead24h,Lead +24h,24,True,wind,concat,truncated_normal,True,wind,5,1.7212273213961353,1.6922019720077515,0.8525699973106384,1.190356731414795,1.7291277647018433,-0.12734442949295044,0.781556868768482,1.882650375366211,78.07045248467048,96.42672612662702,11970.759120209934,0.0,0.8314082622528076,2.6088526248931885,3.501943349838257,6.145812034606934,687073,550,1.3341136556230322,1.1814887066233184,1.0768014942667004,1.1482980405730363
europe,wind_truncnormal_xlead_snap_vae_lat16_concat_with_elev_no_static_wd,42,eval_lead72h,Lead +72h,72,True,wind,concat,truncated_normal,True,wind,5,1.7212273213961353,1.7626831531524658,0.9291723966598511,1.2789580821990967,1.8544260263442993,-0.10171777009963989,0.7432098761527249,2.038458824157715,78.69935217946274,96.41115281782285,9515.770581874123,0.0,0.8917393684387207,2.8106441497802734,3.7758257389068604,6.5928192138671875,687073,550,1.4510357814460282,1.2718471343591773,1.1367830426541927,1.244198187294804
europe,wind_truncnormal_xlead_snap_vae_lat16_concat_with_elev_no_static_wd,456,eval_lead0h,ERA5 (lead 0),0,True,wind,concat,truncated_normal,True,wind,5,1.7230423025072437,1.692941427230835,0.8600497841835022,1.1958118677139282,1.7507764101028442,0.045941080898046494,0.7743942861955925,1.8824363946914673,77.71051984286969,96.3749121272412,4142.617015950271,0.0,0.8498926162719727,2.588310956954956,3.464966297149658,6.130011081695557,687073,550,1.3536837471530183,1.1986951630373313,1.1005283664760588,1.1691314111111708
europe,wind_truncnormal_xlead_snap_vae_lat16_concat_with_elev_no_static_wd,456,eval_lead6h,Lead +6h,6,True,wind,concat,truncated_normal,True,wind,5,1.7230423025072437,1.6842875480651855,0.850953996181488,1.1824578046798706,1.7344669103622437,-0.007271910086274147,0.7787032993025541,1.8757866621017456,78.02911772111551,96.42454295249559,4479.605458226419,0.0,0.835878849029541,2.5623810291290283,3.4378175735473633,6.098639488220215,687073,550,1.342003749962101,1.182137687207049,1.07731644199701,1.1518940893816911
europe,wind_truncnormal_xlead_snap_vae_lat16_concat_with_elev_no_static_wd,456,eval_lead24h,Lead +24h,24,True,wind,concat,truncated_normal,True,wind,5,1.7230423025072437,1.6948928833007812,0.8647497296333313,1.1953206062316895,1.7505563497543335,-0.005143016576766968,0.774006926912586,1.907963514328003,78.35979582955524,96.49847978307982,4999.895150879163,0.0,0.8452783823013306,2.5930187702178955,3.4707911014556885,6.1724042892456055,687073,550,1.3566169053181734,1.1951772784288477,1.0906926803134132,1.1646621249105942
europe,wind_truncnormal_xlead_snap_vae_lat16_concat_with_elev_no_static_wd,456,eval_lead72h,Lead +72h,72,True,wind,concat,truncated_normal,True,wind,5,1.7230423025072437,1.7653263807296753,0.920199990272522,1.2851276397705078,1.876297116279602,0.012755068019032478,0.7353855204849047,2.0487189292907715,78.65787187096568,96.40314784600763,5001.706719664431,0.0,0.907311201095581,2.7958123683929443,3.744433641433716,6.633899688720703,687073,550,1.4756013032028643,1.2865427900846316,1.1519237090316135,1.261406428405447
east_asia,t2m_xlead_snap_vae_lat16_concat_with_elev_no_static_wd,123,eval_lead0h,ERA5 (lead 0),0,True,t2m,concat,gaussian,True,t2m,9,1.7923032850435336,1.799726963043213,0.7861399054527283,1.0920851230621338,1.5258545875549316,0.11571105569601059,0.9893550069469005,1.286660075187683,67.36776192731622,93.3256801560606,1272.3588189488385,2.884492838586957e-268,0.82330322265625,2.329490900039673,2.997014284133911,4.640323638916016,124567,88,1.126393154156234,1.126398384465319,1.0394813580255533,1.0710125929698664
east_asia,t2m_xlead_snap_vae_lat16_concat_with_elev_no_static_wd,123,eval_lead6h,Lead +6h,6,True,t2m,concat,gaussian,True,t2m,9,1.7923032850435336,1.8137931823730469,0.7999700307846069,1.1139445304870605,1.545148491859436,0.061389051377773285,0.9890280268819593,1.3063474893569946,66.87003781097722,93.36983310186486,677.1833711978294,5.5490835994867765e-140,0.8468666076660156,2.375541925430298,3.02776837348938,4.634185791015625,124567,88,1.140004607017977,1.1493535675200024,1.0616383751748038,1.1008401095795421
east_asia,t2m_xlead_snap_vae_lat16_concat_with_elev_no_static_wd,123,eval_lead24h,Lead +24h,24,True,t2m,concat,gaussian,True,t2m,9,1.7923032850435336,1.8625328540802002,0.8433365225791931,1.1750890016555786,1.6168241500854492,0.030567366629838943,0.9879625720569061,1.3706450462341309,66.44938065458749,93.16994067449646,765.916823877913,4.598733250254857e-159,0.9003543853759766,2.504401683807373,3.1831281185150146,4.8460917472839355,124567,88,1.1886491357970652,1.213689912479005,1.126415556341859,1.1692948758497028
east_asia,t2m_xlead_snap_vae_lat16_concat_with_elev_no_static_wd,123,eval_lead72h,Lead +72h,72,True,t2m,concat,gaussian,True,t2m,9,1.7923032850435336,1.9766204357147217,0.9564568996429443,1.3360563516616821,1.8052211999893188,-0.10279188305139542,0.9850181040169902,1.570650339126587,66.35706085881493,93.43004166432523,1556.1338155370202,0.0,1.0395898818969727,2.813239812850952,3.5391478538513184,5.379307270050049,124567,88,1.3317730677445334,1.4062694856137101,1.278587751166235,1.327182311864082
east_asia,t2m_xlead_snap_vae_lat16_concat_with_elev_no_static_wd,42,eval_lead0h,ERA5 (lead 0),0,True,t2m,concat,gaussian,True,t2m,9,1.7968501509868935,1.8054834604263306,0.7912543416023254,1.0989775657653809,1.5377310514450073,0.1373683214187622,0.989207127355796,1.2837387323379517,66.81785705684491,93.1587017428372,1399.1394269750415,1.1862414735211764e-295,0.8303005695343018,2.3553755283355713,3.024521827697754,4.686038494110107,124567,88,1.1365003868357837,1.1485267344000052,1.0337410320867981,1.0714271628352914
east_asia,t2m_xlead_snap_vae_lat16_concat_with_elev_no_static_wd,42,eval_lead6h,Lead +6h,6,True,t2m,concat,gaussian,True,t2m,9,1.7968501509868935,1.82060706615448,0.8053645491600037,1.1213858127593994,1.5568257570266724,0.0934777557849884,0.9888815062122305,1.3014862537384033,66.34341358465726,93.126590509525,1023.2853083079788,1.6410929162338148e-214,0.8541946411132812,2.395076036453247,3.0562896728515625,4.687097549438477,124567,88,1.1548700461566133,1.1702247330940585,1.0607551760808749,1.0945181157237567
east_asia,t2m_xlead_snap_vae_lat16_concat_with_elev_no_static_wd,42,eval_lead24h,Lead +24h,24,True,t2m,concat,gaussian,True,t2m,9,1.7968501509868935,1.8752555847167969,0.8512060642242432,1.1853023767471313,1.6332707405090332,0.08808358758687973,0.9877492345142798,1.3601903915405273,65.7060056034102,92.7797891897533,1169.389653760627,4.914442324466726e-246,0.9042263031005859,2.533383369445801,3.221914768218994,4.917557239532471,124567,88,1.210013168188746,1.2337530221545223,1.1268670596852834,1.1666031684088822
east_asia,t2m_xlead_snap_vae_lat16_concat_with_elev_no_static_wd,42,eval_lead72h,Lead +72h,72,True,t2m,concat,gaussian,True,t2m,9,1.7968501509868935,1.9903218746185303,0.9633314609527588,1.3446376323699951,1.8209713697433472,-0.006859336979687214,0.9847262874493639,1.55087149143219,65.49086034021852,92.7950420255766,1103.2962261273049,9.01988382641782e-232,1.0439395904541016,2.842329978942871,3.606813430786133,5.459890365600586,124567,88,1.3555511612946294,1.4248879175323617,1.2787102975083386,1.3167506983804094
east_asia,t2m_xlead_snap_vae_lat16_concat_with_elev_no_static_wd,456,eval_lead0h,ERA5 (lead 0),0,True,t2m,concat,gaussian,True,t2m,7,1.8056648296036133,1.785556435585022,0.7905901074409485,1.0994313955307007,1.5266029834747314,0.01484471745789051,0.9894664807382282,1.3794262409210205,69.81624346737098,94.69040757182881,296.44417060698254,1.4819166062044482e-58,0.8411960601806641,2.334160089492798,2.9488258361816406,4.5859503746032715,124567,88,1.1466684669868263,1.1329647910248606,1.0336373943474026,1.0777216458919314
east_asia,t2m_xlead_snap_vae_lat16_concat_with_elev_no_static_wd,456,eval_lead6h,Lead +6h,6,True,t2m,concat,gaussian,True,t2m,7,1.8056648296036133,1.8014177083969116,0.8051453828811646,1.1229158639907837,1.5473345518112183,-0.03717391937971115,0.989131961870857,1.3983172178268433,69.2583107885716,94.62939622853564,413.76802042274437,1.5783005058706811e-83,0.8672657012939453,2.370375871658325,2.9927163124084473,4.5984086990356445,124567,88,1.1686785494743857,1.1586494608157738,1.0596867703169064,1.098057956078099
east_asia,t2m_xlead_snap_vae_lat16_concat_with_elev_no_static_wd,456,eval_lead24h,Lead +24h,24,True,t2m,concat,gaussian,True,t2m,7,1.8056648296036133,1.8544683456420898,0.8499013185501099,1.185292363166809,1.6220670938491821,-0.06470122188329697,0.9880185052119203,1.4569425582885742,68.44991048993714,94.2914254979248,755.6903594049787,7.293040785592886e-157,0.9170207977294922,2.498795509338379,3.1607377529144287,4.843555450439453,124567,88,1.226797074538772,1.2211321685242762,1.1183338244771897,1.1689259576772877
east_asia,t2m_xlead_snap_vae_lat16_concat_with_elev_no_static_wd,456,eval_lead72h,Lead +72h,72,True,t2m,concat,gaussian,True,t2m,7,1.8056648296036133,1.9810315370559692,0.9675713777542114,1.3506559133529663,1.819232702255249,-0.19534669816493988,0.9850287610969681,1.6596535444259644,68.08303964934534,94.12765820803263,2690.84236595567,0.0,1.0600595474243164,2.835655689239502,3.5578019618988037,5.373826503753662,124567,88,1.3933682138786965,1.4104367683557502,1.2757471488625307,1.3165035520309862
east_asia,wind_truncnormal_xlead_snap_vae_lat16_concat_with_elev_no_static_wd,123,eval_lead0h,ERA5 (lead 0),0,True,wind,concat,truncated_normal,True,wind,3,1.7147158059355332,1.7076911926269531,0.8287684321403503,1.1544296741485596,1.6186045408248901,-0.07195932418107986,0.7042978352649257,1.4990968704223633,73.15753942102134,94.79610370822819,2796.9373282111455,0.0,0.8338235020637512,2.518186092376709,3.3055715560913086,5.4383015632629395,124426,88,1.2993327406681745,1.1450235340802317,1.0608731135679002,1.124111342730808
east_asia,wind_truncnormal_xlead_snap_vae_lat16_concat_with_elev_no_static_wd,123,eval_lead6h,Lead +6h,6,True,wind,concat,truncated_normal,True,wind,3,1.7147158059355332,1.7054474353790283,0.8266603946685791,1.1504004001617432,1.6166330575942993,-0.1019563376903534,0.7058822396065958,1.4987576007843018,73.33515503190652,94.7350232266568,3000.1040297044024,0.0,0.8277372717857361,2.513035297393799,3.309864044189453,5.447872638702393,124426,88,1.295145624746791,1.1424786008244898,1.0556918930452812,1.1174832037419646
east_asia,wind_truncnormal_xlead_snap_vae_lat16_concat_with_elev_no_static_wd,123,eval_lead24h,Lead +24h,24,True,wind,concat,truncated_normal,True,wind,3,1.7147158059355332,1.7157161235809326,0.8359112739562988,1.163192868232727,1.6325007677078247,-0.10030775517225266,0.6987627651152727,1.5226354598999023,73.47178242489511,94.77842251619435,3223.3224888688856,0.0,0.8369063138961792,2.548633575439453,3.3450796604156494,5.488405227661133,124426,88,1.3092709345794709,1.1542328539741327,1.0719626346742654,1.1287846427254418
east_asia,wind_truncnormal_xlead_snap_vae_lat16_concat_with_elev_no_static_wd,123,eval_lead72h,Lead +72h,72,True,wind,concat,truncated_normal,True,wind,3,1.7147158059355332,1.7571204900741577,0.8743041157722473,1.209948182106018,1.700278639793396,-0.08947432041168213,0.6666354252635595,1.5995659828186035,74.01909568739653,94.73743429829779,3661.0989986015784,0.0,0.8647770881652832,2.654691219329834,3.4849114418029785,5.736652851104736,124426,88,1.3541465452849688,1.2106334232054237,1.121566928724115,1.1735316762468033
east_asia,wind_truncnormal_xlead_snap_vae_lat16_concat_with_elev_no_static_wd,42,eval_lead0h,ERA5 (lead 0),0,True,wind,concat,truncated_normal,True,wind,2,1.7114211712798026,1.7032710313796997,0.8392685651779175,1.177917242050171,1.624165415763855,0.04893343523144722,0.7017892053830241,1.7702521085739136,79.48338771639368,97.20958642084452,4261.480269397071,0.0,0.8747012615203857,2.5323503017425537,3.2669496536254883,5.262208461761475,124426,88,1.3252299687521296,1.1827409798140975,1.0970427394012159,1.16109278154472
east_asia,wind_truncnormal_xlead_snap_vae_lat16_concat_with_elev_no_static_wd,42,eval_lead6h,Lead +6h,6,True,wind,concat,truncated_normal,True,wind,2,1.7114211712798026,1.7033681869506836,0.8345757722854614,1.1764357089996338,1.6257351636886597,0.023883285000920296,0.7009072694881042,1.7708640098571777,79.55009403179399,97.17502772732387,4158.574928069696,0.0,0.8692245483398438,2.5369207859039307,3.2747092247009277,5.300802230834961,124426,88,1.325930523719408,1.180585450421568,1.0926372215320392,1.1572008600643322
east_asia,wind_truncnormal_xlead_snap_vae_lat16_concat_with_elev_no_static_wd,42,eval_lead24h,Lead +24h,24,True,wind,concat,truncated_normal,True,wind,2,1.7114211712798026,1.7130179405212402,0.8570073246955872,1.1892051696777344,1.6427322626113892,0.025287175551056862,0.6930568957372691,1.7955539226531982,79.57259736710976,97.17422403677688,4158.194782440969,0.0,0.8775686025619507,2.569392681121826,3.3118276596069336,5.346410751342773,124426,88,1.3429045290440584,1.1915904354340379,1.1069225680655235,1.1681302164490208
east_asia,wind_truncnormal_xlead_snap_vae_lat16_concat_with_elev_no_static_wd,42,eval_lead72h,Lead +72h,72,True,wind,concat,truncated_normal,True,wind,2,1.7114211712798026,1.7466340065002441,0.8795610666275024,1.233928918838501,1.7051715850830078,0.05118577182292938,0.6633746773856364,1.8767058849334717,80.0202530017842,97.12278784176941,4629.9603298346,0.0,0.9083676338195801,2.6664793491363525,3.4505081176757812,5.59196138381958,124426,88,1.388260544983335,1.2509919554215152,1.1537262550329732,1.2099753562395874
east_asia,wind_truncnormal_xlead_snap_vae_lat16_concat_with_elev_no_static_wd,456,eval_lead0h,ERA5 (lead 0),0,True,wind,concat,truncated_normal,True,wind,3,1.6991745912865417,1.6959127187728882,0.8292892575263977,1.1601595878601074,1.6176080703735352,-0.09719628095626831,0.7056761586177666,1.620090365409851,75.9005352579043,95.80875379743784,2826.328934467073,0.0,0.833560585975647,2.5494296550750732,3.326425552368164,5.36730432510376,124426,88,1.304886221257107,1.1463703903019318,1.0625261434017632,1.1261142873591075
east_asia,wind_truncnormal_xlead_snap_vae_lat16_concat_with_elev_no_static_wd,456,eval_lead6h,Lead +6h,6,True,wind,concat,truncated_normal,True,wind,3,1.6991745912865417,1.696388840675354,0.8251839876174927,1.1581465005874634,1.6175836324691772,-0.1281404197216034,0.7064179935268935,1.6167082786560059,75.87883561313552,95.69302235867102,3248.818928519763,0.0,0.8281484246253967,2.551492214202881,3.333726644515991,5.386398792266846,124426,88,1.3026711767929493,1.144159410625445,1.0597252000812893,1.120561182185087
east_asia,wind_truncnormal_xlead_snap_vae_lat16_concat_with_elev_no_static_wd,456,eval_lead24h,Lead +24h,24,True,wind,concat,truncated_normal,True,wind,3,1.6991745912865417,1.7072787284851074,0.8426476120948792,1.1722376346588135,1.634502649307251,-0.11953593790531158,0.6986408571351164,1.6420304775238037,75.92062752157909,95.75490653078938,3296.244707697748,0.0,0.839958906173706,2.5938074588775635,3.3595917224884033,5.423104763031006,124426,88,1.3210055023185623,1.1560458695135174,1.0773334244380062,1.131930301117846
east_asia,wind_truncnormal_xlead_snap_vae_lat16_concat_with_elev_no_static_wd,456,eval_lead72h,Lead +72h,72,True,wind,concat,truncated_normal,True,wind,3,1.6991745912865417,1.7460249662399292,0.8769893050193787,1.2194187641143799,1.7015963792800903,-0.08189983665943146,0.6667848097385157,1.7291182279586792,76.43981161493578,95.74285117258451,3178.099304003986,0.0,0.8756989240646362,2.697425365447998,3.5004477500915527,5.674520492553711,124426,88,1.3721629236792392,1.2137233044221325,1.1270449048637312,1.1760647902476913
